ordem_entrada,indice_local,indice_contorno,x,y,dist_baseline,dist_baseline_ajustada
0,0,242,132.0,186.0,201.0,204.74
1,1,243,132.0,187.0,200.0,203.74
2,2,244,132.0,188.0,199.0,202.74
3,3,245,132.0,189.0,198.0,201.74
4,4,246,132.0,190.0,197.0,200.74
5,5,247,132.0,191.0,196.0,199.74
6,6,248,131.0,192.0,195.0,198.74
7,7,249,131.0,193.0,194.0,197.74
8,8,250,131.0,194.0,193.0,196.74
9,9,251,131.0,195.0,192.0,195.74
10,10,252,131.0,196.0,191.0,194.74
11,11,253,131.0,197.0,190.0,193.74
12,12,254,131.0,198.0,189.0,192.74
13,13,255,131.0,199.0,188.0,191.74
14,14,256,130.0,200.0,187.0,190.74
15,15,257,130.0,201.0,186.0,189.74
16,16,258,130.0,202.0,185.0,188.74
17,17,259,130.0,203.0,184.0,187.74
18,18,260,130.0,204.0,183.0,186.74
19,19,261,130.0,205.0,182.0,185.74
20,20,262,130.0,206.0,181.0,184.74
21,21,263,130.0,207.0,180.0,183.74
22,22,264,130.0,208.0,179.0,182.74
23,23,265,130.0,209.0,178.0,181.74
24,24,266,130.0,210.0,177.0,180.74
25,25,267,130.0,211.0,176.0,179.74
26,26,268,130.0,212.0,175.0,178.74
27,27,269,130.0,213.0,174.0,177.74
28,28,270,130.0,214.0,173.0,176.74
29,29,271,130.0,215.0,172.0,175.74
30,30,272,130.0,216.0,171.0,174.74
31,31,273,130.0,217.0,170.0,173.74
32,32,274,130.0,218.0,169.0,172.74
33,33,275,130.0,219.0,168.0,171.74
34,34,276,130.0,220.0,167.0,170.74
35,35,277,130.0,221.0,166.0,169.74
36,36,278,130.0,222.0,165.0,168.74
37,37,279,130.0,223.0,164.0,167.74
38,38,280,130.0,224.0,163.0,166.74
39,39,281,130.0,225.0,162.0,165.74
40,40,282,130.0,226.0,161.0,164.74
41,41,283,130.0,227.0,160.0,163.74
42,42,284,130.0,228.0,159.0,162.74
43,43,285,130.0,229.0,158.0,161.74
44,44,286,130.0,230.0,157.0,160.74
45,45,287,130.0,231.0,156.0,159.74
46,46,288,131.0,232.0,155.0,158.74
47,47,289,131.0,233.0,154.0,157.74
48,48,290,131.0,234.0,153.0,156.74
49,49,291,131.0,235.0,152.0,155.74
50,50,292,131.0,236.0,151.0,154.74
51,51,293,131.0,237.0,150.0,153.74
52,52,294,131.0,238.0,149.0,152.74
53,53,295,131.0,239.0,148.0,151.74
54,54,296,131.0,240.0,147.0,150.74
55,55,297,132.0,241.0,146.0,149.74
56,56,298,132.0,242.0,145.0,148.74
57,57,299,132.0,243.0,144.0,147.74
58,58,300,132.0,244.0,143.0,146.74
59,59,301,132.0,245.0,142.0,145.74
60,60,302,132.0,246.0,141.0,144.74
61,61,303,132.0,247.0,140.0,143.74
62,62,304,133.0,248.0,139.0,142.74
63,63,305,133.0,249.0,138.0,141.74
64,64,306,133.0,250.0,137.0,140.74
65,65,307,133.0,251.0,136.0,139.74
66,66,308,133.0,252.0,135.0,138.74
67,67,309,134.0,253.0,134.0,137.74
68,68,310,134.0,254.0,133.0,136.74
69,69,311,134.0,255.0,132.0,135.74
70,70,312,134.0,256.0,131.0,134.74
71,71,313,134.0,257.0,130.0,133.74
72,72,314,135.0,258.0,129.0,132.74
73,73,315,135.0,259.0,128.0,131.74
74,74,316,135.0,260.0,127.0,130.74
75,75,317,135.0,261.0,126.0,129.74
76,76,318,135.0,262.0,125.0,128.74
77,77,319,136.0,263.0,124.0,127.74000000000001
78,78,320,136.0,264.0,123.0,126.74000000000001
79,79,321,136.0,265.0,122.0,125.74000000000001
80,80,322,136.0,266.0,121.0,124.74000000000001
81,81,323,137.0,267.0,120.0,123.74000000000001
82,82,324,137.0,268.0,119.0,122.74000000000001
83,83,325,137.0,269.0,118.0,121.74000000000001
84,84,326,137.0,270.0,117.0,120.74000000000001
85,85,327,138.0,271.0,116.0,119.74000000000001
86,86,328,138.0,272.0,115.0,118.74000000000001
87,87,329,138.0,273.0,114.0,117.74000000000001
88,88,330,139.0,274.0,113.0,116.74000000000001
89,89,331,139.0,275.0,112.0,115.74000000000001
90,90,332,139.0,276.0,111.0,114.74000000000001
91,91,333,139.0,277.0,110.0,113.74000000000001
92,92,334,140.0,278.0,109.0,112.74000000000001
93,93,335,140.0,279.0,108.0,111.74000000000001
94,94,336,140.0,280.0,107.0,110.74000000000001
95,95,337,141.0,281.0,106.0,109.74000000000001
96,96,338,141.0,282.0,105.0,108.74000000000001
97,97,339,141.0,283.0,104.0,107.74000000000001
98,98,340,142.0,284.0,103.0,106.74000000000001
99,99,341,142.0,285.0,102.0,105.74000000000001
100,100,342,142.0,286.0,101.0,104.74000000000001
101,101,343,143.0,287.0,100.0,103.74000000000001
102,102,344,143.0,288.0,99.0,102.74000000000001
103,103,345,144.0,289.0,98.0,101.74000000000001
104,104,346,144.0,290.0,97.0,100.74000000000001
105,105,347,144.0,291.0,96.0,99.74000000000001
106,106,348,145.0,292.0,95.0,98.74000000000001
107,107,349,145.0,293.0,94.0,97.74000000000001
108,108,350,145.0,294.0,93.0,96.74000000000001
109,109,351,146.0,295.0,92.0,95.74000000000001
110,110,352,146.0,296.0,91.0,94.74000000000001
111,111,353,147.0,297.0,90.0,93.74000000000001
112,112,354,147.0,298.0,89.0,92.74000000000001
113,113,355,148.0,299.0,88.0,91.74000000000001
114,114,356,148.0,300.0,87.0,90.74000000000001
115,115,357,149.0,301.0,86.0,89.74000000000001
116,116,358,149.0,302.0,85.0,88.74000000000001
117,117,359,150.0,303.0,84.0,87.74000000000001
118,118,360,150.0,304.0,83.0,86.74000000000001
119,119,361,151.0,305.0,82.0,85.74000000000001
120,120,362,151.0,306.0,81.0,84.74000000000001
121,121,363,152.0,307.0,80.0,83.74000000000001
122,122,364,152.0,308.0,79.0,82.74000000000001
123,123,365,153.0,309.0,78.0,81.74000000000001
124,124,366,153.0,310.0,77.0,80.74000000000001
125,125,367,154.0,311.0,76.0,79.74000000000001
126,126,368,154.0,312.0,75.0,78.74000000000001
127,127,369,155.0,313.0,74.0,77.74000000000001
128,128,370,155.0,314.0,73.0,76.74000000000001
129,129,371,156.0,315.0,72.0,75.74000000000001
130,130,372,157.0,316.0,71.0,74.74000000000001
131,131,373,157.0,317.0,70.0,73.74000000000001
132,132,374,158.0,318.0,69.0,72.74000000000001
133,133,375,158.0,319.0,68.0,71.74000000000001
134,134,376,159.0,320.0,67.0,70.74000000000001
135,135,377,160.0,321.0,66.0,69.74000000000001
136,136,378,160.0,322.0,65.0,68.74000000000001
137,137,379,161.0,323.0,64.0,67.74000000000001
138,138,380,161.0,324.0,63.0,66.74000000000001
139,139,381,162.0,325.0,62.0,65.74000000000001
140,140,382,163.0,326.0,61.0,64.74000000000001
141,141,383,163.0,327.0,60.0,63.74000000000001
142,142,384,164.0,328.0,59.0,62.74000000000001
143,143,385,165.0,329.0,58.0,61.74000000000001
144,144,386,165.0,330.0,57.0,60.74000000000001
145,145,387,166.0,331.0,56.0,59.74000000000001
146,146,388,167.0,332.0,55.0,58.74000000000001
147,147,389,167.0,333.0,54.0,57.74000000000001
148,148,390,168.0,334.0,53.0,56.74000000000001
149,149,391,169.0,335.0,52.0,55.74000000000001
150,150,392,170.0,336.0,51.0,54.74000000000001
151,151,393,170.0,337.0,50.0,53.74000000000001
152,152,394,171.0,338.0,49.0,52.74000000000001
153,153,395,172.0,339.0,48.0,51.74000000000001
154,154,396,173.0,340.0,47.0,50.74000000000001
155,155,397,173.0,341.0,46.0,49.74000000000001
156,156,398,174.0,342.0,45.0,48.74000000000001
157,157,399,175.0,343.0,44.0,47.74000000000001
158,158,400,176.0,344.0,43.0,46.74000000000001
159,159,401,177.0,345.0,42.0,45.74000000000001
160,160,402,177.0,346.0,41.0,44.74000000000001
161,161,403,178.0,347.0,40.0,43.74000000000001
162,162,404,179.0,348.0,39.0,42.74000000000001
163,163,405,180.0,349.0,38.0,41.74000000000001
164,164,406,181.0,350.0,37.0,40.74000000000001
165,165,407,182.0,351.0,36.0,39.74000000000001
166,166,408,183.0,352.0,35.0,38.74000000000001
167,167,409,184.0,353.0,34.0,37.74000000000001
168,168,410,185.0,354.0,33.0,36.74000000000001
169,169,411,186.0,355.0,32.0,35.74000000000001
170,170,412,186.0,356.0,31.0,34.74000000000001
171,171,413,187.0,357.0,30.0,33.74000000000001
172,172,414,188.0,358.0,29.0,32.74000000000001
173,173,415,189.0,359.0,28.0,31.74000000000001
174,174,416,190.0,360.0,27.0,30.74000000000001
175,175,417,191.0,361.0,26.0,29.74000000000001
176,176,418,192.0,361.0,26.0,29.74000000000001
177,177,419,193.0,362.0,25.0,28.74000000000001
178,178,420,194.0,363.0,24.0,27.74000000000001
179,179,421,195.0,364.0,23.0,26.74000000000001
180,180,422,196.0,365.0,22.0,25.74000000000001
181,181,423,197.0,366.0,21.0,24.74000000000001
182,182,424,198.0,367.0,20.0,23.74000000000001
183,183,425,199.0,368.0,19.0,22.74000000000001
184,184,426,200.0,369.0,18.0,21.74000000000001
185,185,427,201.0,370.0,17.0,20.74000000000001
186,186,428,202.0,371.0,16.0,19.74000000000001
187,187,429,203.0,372.0,15.0,18.74000000000001
188,188,430,204.0,372.0,15.0,18.74000000000001
189,189,431,205.0,373.0,14.0,17.74000000000001
190,190,432,206.0,374.0,13.0,16.74000000000001
191,191,433,207.0,375.0,12.0,15.740000000000009
192,192,434,208.0,375.0,12.0,15.740000000000009
193,193,435,209.0,376.0,11.0,14.740000000000009
194,194,436,210.0,377.0,10.0,13.740000000000009
195,195,437,211.0,378.0,9.0,12.740000000000009
196,196,438,212.0,378.0,9.0,12.740000000000009
197,197,439,213.0,379.0,8.0,11.740000000000009
198,198,440,214.0,380.0,7.0,10.740000000000009
199,199,441,215.0,381.0,6.0,9.740000000000009
200,200,442,216.0,381.0,6.0,9.740000000000009
201,201,443,217.0,382.0,5.0,8.740000000000009
202,202,444,218.0,383.0,4.0,7.740000000000009
203,203,445,219.0,384.0,3.0,6.740000000000009
204,204,446,220.0,384.0,3.0,6.740000000000009
205,205,447,221.0,385.0,2.0,5.740000000000009
206,206,448,222.0,386.0,1.0,4.740000000000009
207,207,449,222.0,387.0,0.0,3.740000000000009
208,208,450,223.0,387.0,0.0,3.740000000000009
209,209,451,224.0,387.0,0.0,3.740000000000009
210,210,452,225.0,387.0,0.0,3.740000000000009
211,211,453,226.0,387.0,0.0,3.740000000000009
212,212,454,227.0,387.0,0.0,3.740000000000009
213,213,455,228.0,387.0,0.0,3.740000000000009
214,214,456,229.0,387.0,0.0,3.740000000000009
215,215,457,230.0,387.0,0.0,3.740000000000009
216,216,458,231.0,387.0,0.0,3.740000000000009
217,217,459,232.0,387.0,0.0,3.740000000000009
218,218,460,233.0,387.0,0.0,3.740000000000009
219,219,461,234.0,387.0,0.0,3.740000000000009
220,220,462,235.0,387.0,0.0,3.740000000000009
221,221,463,236.0,387.0,0.0,3.740000000000009
222,222,464,237.0,387.0,0.0,3.740000000000009
223,223,465,238.0,387.0,0.0,3.740000000000009
224,224,466,239.0,387.0,0.0,3.740000000000009
225,225,467,240.0,387.0,0.0,3.740000000000009
226,226,468,241.0,387.0,0.0,3.740000000000009
227,227,469,242.0,387.0,0.0,3.740000000000009
228,228,470,243.0,387.0,0.0,3.740000000000009
229,229,471,244.0,387.0,0.0,3.740000000000009
230,230,472,245.0,387.0,0.0,3.740000000000009
231,231,473,246.0,387.0,0.0,3.740000000000009
232,232,474,247.0,387.0,0.0,3.740000000000009
233,233,475,248.0,387.0,0.0,3.740000000000009
234,234,476,249.0,387.0,0.0,3.740000000000009
235,235,477,250.0,387.0,0.0,3.740000000000009
236,236,478,251.0,387.0,0.0,3.740000000000009
237,237,479,252.0,387.0,0.0,3.740000000000009
238,238,480,253.0,387.0,0.0,3.740000000000009
239,239,481,254.0,387.0,0.0,3.740000000000009
240,240,482,255.0,387.0,0.0,3.740000000000009
241,241,483,256.0,387.0,0.0,3.740000000000009
242,242,484,257.0,387.0,0.0,3.740000000000009
243,243,485,258.0,387.0,0.0,3.740000000000009
244,244,486,259.0,387.0,0.0,3.740000000000009
245,245,487,260.0,387.0,0.0,3.740000000000009
246,246,488,261.0,387.0,0.0,3.740000000000009
247,247,489,262.0,387.0,0.0,3.740000000000009
248,248,490,263.0,387.0,0.0,3.740000000000009
249,249,491,264.0,387.0,0.0,3.740000000000009
250,250,492,265.0,387.0,0.0,3.740000000000009
251,251,493,266.0,387.0,0.0,3.740000000000009
252,252,494,267.0,387.0,0.0,3.740000000000009
253,253,495,268.0,387.0,0.0,3.740000000000009
254,254,496,269.0,387.0,0.0,3.740000000000009
255,255,497,270.0,387.0,0.0,3.740000000000009
256,256,498,271.0,387.0,0.0,3.740000000000009
257,257,499,272.0,387.0,0.0,3.740000000000009
258,258,500,273.0,387.0,0.0,3.740000000000009
259,259,501,274.0,387.0,0.0,3.740000000000009
260,260,502,275.0,387.0,0.0,3.740000000000009
261,261,503,276.0,387.0,0.0,3.740000000000009
262,262,504,277.0,387.0,0.0,3.740000000000009
263,263,505,278.0,387.0,0.0,3.740000000000009
264,264,506,279.0,387.0,0.0,3.740000000000009
265,265,507,280.0,387.0,0.0,3.740000000000009
266,266,508,281.0,387.0,0.0,3.740000000000009
267,267,509,282.0,387.0,0.0,3.740000000000009
268,268,510,283.0,387.0,0.0,3.740000000000009
269,269,511,284.0,387.0,0.0,3.740000000000009
270,270,512,285.0,387.0,0.0,3.740000000000009
271,271,513,286.0,387.0,0.0,3.740000000000009
272,272,514,287.0,387.0,0.0,3.740000000000009
273,273,515,288.0,387.0,0.0,3.740000000000009
274,274,516,289.0,387.0,0.0,3.740000000000009
275,275,517,290.0,387.0,0.0,3.740000000000009
276,276,518,291.0,387.0,0.0,3.740000000000009
277,277,519,292.0,387.0,0.0,3.740000000000009
278,278,520,293.0,387.0,0.0,3.740000000000009
279,279,521,294.0,387.0,0.0,3.740000000000009
280,280,522,295.0,387.0,0.0,3.740000000000009
281,281,523,296.0,387.0,0.0,3.740000000000009
282,282,524,297.0,387.0,0.0,3.740000000000009
283,283,525,298.0,387.0,0.0,3.740000000000009
284,284,526,299.0,387.0,0.0,3.740000000000009
285,285,527,300.0,387.0,0.0,3.740000000000009
286,286,528,301.0,387.0,0.0,3.740000000000009
287,287,529,302.0,387.0,0.0,3.740000000000009
288,288,530,303.0,387.0,0.0,3.740000000000009
289,289,531,304.0,387.0,0.0,3.740000000000009
290,290,532,305.0,387.0,0.0,3.740000000000009
291,291,533,306.0,387.0,0.0,3.740000000000009
292,292,534,307.0,387.0,0.0,3.740000000000009
293,293,535,308.0,387.0,0.0,3.740000000000009
294,294,536,309.0,387.0,0.0,3.740000000000009
295,295,537,310.0,387.0,0.0,3.740000000000009
296,296,538,311.0,387.0,0.0,3.740000000000009
297,297,539,312.0,387.0,0.0,3.740000000000009
298,298,540,313.0,387.0,0.0,3.740000000000009
299,299,541,314.0,387.0,0.0,3.740000000000009
300,300,542,315.0,387.0,0.0,3.740000000000009
301,301,543,316.0,387.0,0.0,3.740000000000009
302,302,544,317.0,387.0,0.0,3.740000000000009
303,303,545,318.0,387.0,0.0,3.740000000000009
304,304,546,319.0,387.0,0.0,3.740000000000009
305,305,547,320.0,387.0,0.0,3.740000000000009
306,306,548,321.0,387.0,0.0,3.740000000000009
307,307,549,322.0,387.0,0.0,3.740000000000009
308,308,550,323.0,387.0,0.0,3.740000000000009
309,309,551,324.0,387.0,0.0,3.740000000000009
310,310,552,325.0,387.0,0.0,3.740000000000009
311,311,553,326.0,387.0,0.0,3.740000000000009
312,312,554,327.0,387.0,0.0,3.740000000000009
313,313,555,328.0,387.0,0.0,3.740000000000009
314,314,556,329.0,387.0,0.0,3.740000000000009
315,315,557,330.0,387.0,0.0,3.740000000000009
316,316,558,331.0,387.0,0.0,3.740000000000009
317,317,559,332.0,387.0,0.0,3.740000000000009
