ordem,index,x,y
0,0,254.0,57.0
1,1,253.0,58.0
2,2,252.0,58.0
3,3,251.0,58.0
4,4,250.0,58.0
5,5,249.0,58.0
6,6,248.0,58.0
7,7,247.0,58.0
8,8,246.0,58.0
9,9,245.0,58.0
10,10,244.0,59.0
11,11,243.0,59.0
12,12,242.0,59.0
13,13,241.0,59.0
14,14,240.0,59.0
15,15,239.0,59.0
16,16,238.0,59.0
17,17,237.0,60.0
18,18,236.0,60.0
19,19,235.0,60.0
20,20,234.0,60.0
21,21,233.0,60.0
22,22,232.0,61.0
23,23,231.0,61.0
24,24,230.0,61.0
25,25,229.0,61.0
26,26,228.0,61.0
27,27,227.0,62.0
28,28,226.0,62.0
29,29,225.0,62.0
30,30,224.0,62.0
31,31,223.0,63.0
32,32,222.0,63.0
33,33,221.0,63.0
34,34,220.0,63.0
35,35,219.0,64.0
36,36,218.0,64.0
37,37,217.0,64.0
38,38,216.0,65.0
39,39,215.0,65.0
40,40,214.0,65.0
41,41,213.0,66.0
42,42,212.0,66.0
43,43,211.0,66.0
44,44,210.0,66.0
45,45,209.0,67.0
46,46,208.0,67.0
47,47,207.0,67.0
48,48,206.0,68.0
49,49,205.0,68.0
50,50,204.0,69.0
51,51,203.0,69.0
52,52,202.0,69.0
53,53,201.0,70.0
54,54,200.0,70.0
55,55,199.0,70.0
56,56,198.0,71.0
57,57,197.0,71.0
58,58,196.0,72.0
59,59,195.0,72.0
60,60,194.0,72.0
61,61,193.0,73.0
62,62,192.0,73.0
63,63,191.0,74.0
64,64,190.0,74.0
65,65,189.0,75.0
66,66,188.0,75.0
67,67,187.0,76.0
68,68,186.0,76.0
69,69,185.0,77.0
70,70,184.0,77.0
71,71,183.0,78.0
72,72,182.0,78.0
73,73,181.0,78.0
74,74,180.0,79.0
75,75,179.0,79.0
76,76,178.0,80.0
77,77,177.0,80.0
78,78,176.0,81.0
79,79,175.0,81.0
80,80,174.0,82.0
81,81,173.0,83.0
82,82,172.0,83.0
83,83,171.0,84.0
84,84,170.0,85.0
85,85,169.0,85.0
86,86,168.0,86.0
87,87,167.0,86.0
88,88,166.0,87.0
89,89,165.0,88.0
90,90,164.0,88.0
91,91,163.0,89.0
92,92,162.0,89.0
93,93,161.0,90.0
94,94,160.0,91.0
95,95,159.0,91.0
96,96,158.0,92.0
97,97,157.0,93.0
98,98,156.0,93.0
99,99,155.0,94.0
100,100,154.0,95.0
101,101,153.0,96.0
102,102,152.0,96.0
103,103,151.0,97.0
104,104,150.0,98.0
105,105,149.0,99.0
106,106,148.0,99.0
107,107,147.0,100.0
108,108,146.0,101.0
109,109,145.0,102.0
110,110,144.0,102.0
111,111,143.0,103.0
112,112,142.0,104.0
113,113,141.0,105.0
114,114,140.0,106.0
115,115,139.0,107.0
116,116,138.0,108.0
117,117,137.0,109.0
118,118,136.0,109.0
119,119,135.0,110.0
120,120,134.0,111.0
121,121,133.0,112.0
122,122,132.0,113.0
123,123,131.0,114.0
124,124,130.0,115.0
125,125,129.0,116.0
126,126,128.0,117.0
127,127,127.0,118.0
128,128,126.0,119.0
129,129,126.0,120.0
130,130,125.0,121.0
131,131,124.0,122.0
132,132,123.0,123.0
133,133,122.0,124.0
134,134,121.0,125.0
135,135,120.0,126.0
136,136,119.0,127.0
137,137,118.0,128.0
138,138,117.0,128.0
139,139,116.0,129.0
140,140,115.0,129.0
141,141,114.0,129.0
142,142,113.0,129.0
143,143,112.0,129.0
144,144,111.0,129.0
145,145,110.0,129.0
146,146,109.0,129.0
147,147,108.0,129.0
148,148,107.0,129.0
149,149,106.0,129.0
150,150,105.0,129.0
151,151,104.0,129.0
152,152,103.0,129.0
153,153,102.0,129.0
154,154,101.0,129.0
155,155,100.0,129.0
156,156,99.0,129.0
157,157,98.0,129.0
158,158,97.0,129.0
159,159,96.0,129.0
160,160,95.0,129.0
161,161,94.0,129.0
162,162,93.0,129.0
163,163,92.0,129.0
164,164,91.0,129.0
165,165,90.0,129.0
166,166,89.0,129.0
167,167,88.0,129.0
168,168,87.0,129.0
169,169,86.0,129.0
170,170,85.0,129.0
171,171,84.0,129.0
172,172,83.0,129.0
173,173,82.0,129.0
174,174,81.0,129.0
175,175,80.0,129.0
176,176,79.0,129.0
177,177,78.0,129.0
178,178,77.0,129.0
179,179,76.0,129.0
180,180,75.0,129.0
181,181,74.0,129.0
182,182,73.0,129.0
183,183,72.0,129.0
184,184,71.0,129.0
185,185,70.0,129.0
186,186,69.0,129.0
187,187,68.0,129.0
188,188,67.0,129.0
189,189,66.0,129.0
190,190,65.0,129.0
191,191,64.0,129.0
192,192,63.0,129.0
193,193,62.0,129.0
194,194,61.0,129.0
195,195,60.0,129.0
196,196,59.0,129.0
197,197,58.0,129.0
198,198,57.0,129.0
199,199,56.0,129.0
200,200,55.0,129.0
201,201,54.0,129.0
202,202,53.0,129.0
203,203,52.0,129.0
204,204,51.0,129.0
205,205,50.0,129.0
206,206,49.0,129.0
207,207,48.0,129.0
208,208,47.0,129.0
209,209,46.0,129.0
210,210,45.0,129.0
211,211,44.0,129.0
212,212,43.0,129.0
213,213,42.0,129.0
214,214,41.0,129.0
215,215,40.0,129.0
216,216,39.0,129.0
217,217,38.0,129.0
218,218,37.0,129.0
219,219,36.0,129.0
220,220,35.0,129.0
221,221,34.0,129.0
222,222,33.0,129.0
223,223,32.0,129.0
224,224,31.0,129.0
225,225,30.0,129.0
226,226,29.0,129.0
227,227,28.0,129.0
228,228,27.0,129.0
229,229,26.0,129.0
230,230,25.0,129.0
231,231,24.0,129.0
232,232,23.0,129.0
233,233,22.0,129.0
234,234,21.0,129.0
235,235,20.0,129.0
236,236,19.0,129.0
237,237,18.0,129.0
238,238,17.0,129.0
239,239,16.0,129.0
240,240,15.0,129.0
241,241,14.0,129.0
242,242,13.0,129.0
243,243,12.0,129.0
244,244,11.0,129.0
245,245,10.0,129.0
246,246,9.0,129.0
247,247,8.0,129.0
248,248,7.0,129.0
249,249,7.0,213.0
250,250,8.0,213.0
251,251,9.0,213.0
252,252,10.0,213.0
253,253,11.0,213.0
254,254,12.0,213.0
255,255,13.0,213.0
256,256,14.0,213.0
257,257,15.0,213.0
258,258,16.0,213.0
259,259,17.0,213.0
260,260,18.0,213.0
261,261,19.0,213.0
262,262,20.0,213.0
263,263,21.0,213.0
264,264,22.0,213.0
265,265,23.0,213.0
266,266,24.0,213.0
267,267,25.0,213.0
268,268,26.0,213.0
269,269,27.0,213.0
270,270,28.0,213.0
271,271,29.0,213.0
272,272,30.0,213.0
273,273,31.0,213.0
274,274,32.0,213.0
275,275,33.0,213.0
276,276,34.0,213.0
277,277,35.0,213.0
278,278,36.0,213.0
279,279,37.0,213.0
280,280,38.0,213.0
281,281,39.0,213.0
282,282,40.0,213.0
283,283,41.0,213.0
284,284,42.0,213.0
285,285,43.0,213.0
286,286,44.0,213.0
287,287,45.0,213.0
288,288,46.0,213.0
289,289,47.0,213.0
290,290,48.0,213.0
291,291,49.0,213.0
292,292,50.0,213.0
293,293,51.0,213.0
294,294,52.0,213.0
295,295,53.0,213.0
296,296,54.0,213.0
297,297,55.0,213.0
298,298,56.0,213.0
299,299,57.0,213.0
300,300,58.0,213.0
301,301,59.0,213.0
302,302,60.0,213.0
303,303,61.0,213.0
304,304,62.0,213.0
305,305,63.0,213.0
306,306,64.0,213.0
307,307,65.0,213.0
308,308,66.0,213.0
309,309,67.0,213.0
310,310,68.0,213.0
311,311,69.0,213.0
312,312,70.0,213.0
313,313,71.0,213.0
314,314,72.0,213.0
315,315,73.0,213.0
316,316,74.0,213.0
466,466,520.0,129.0
467,467,519.0,129.0
468,468,518.0,129.0
469,469,517.0,129.0
470,470,516.0,129.0
471,471,515.0,129.0
472,472,514.0,129.0
473,473,513.0,129.0
474,474,512.0,129.0
475,475,511.0,129.0
476,476,510.0,129.0
477,477,509.0,129.0
478,478,508.0,129.0
479,479,507.0,129.0
480,480,506.0,129.0
481,481,505.0,129.0
482,482,504.0,129.0
483,483,503.0,129.0
484,484,502.0,129.0
485,485,501.0,129.0
486,486,500.0,129.0
487,487,499.0,129.0
488,488,498.0,129.0
489,489,497.0,129.0
490,490,496.0,129.0
491,491,495.0,129.0
492,492,494.0,129.0
493,493,493.0,129.0
494,494,492.0,129.0
495,495,491.0,129.0
496,496,490.0,129.0
497,497,489.0,129.0
498,498,488.0,129.0
499,499,487.0,129.0
500,500,486.0,129.0
501,501,485.0,129.0
502,502,484.0,129.0
503,503,483.0,129.0
504,504,482.0,129.0
505,505,481.0,129.0
506,506,480.0,129.0
507,507,479.0,129.0
508,508,478.0,129.0
509,509,477.0,129.0
510,510,476.0,129.0
511,511,475.0,129.0
512,512,474.0,129.0
513,513,473.0,129.0
514,514,472.0,129.0
515,515,471.0,129.0
516,516,470.0,129.0
517,517,469.0,129.0
518,518,468.0,129.0
519,519,467.0,129.0
520,520,466.0,129.0
521,521,465.0,129.0
522,522,464.0,129.0
523,523,463.0,129.0
524,524,462.0,129.0
525,525,461.0,129.0
526,526,460.0,129.0
527,527,459.0,129.0
528,528,458.0,129.0
529,529,457.0,129.0
530,530,456.0,129.0
531,531,455.0,129.0
532,532,454.0,129.0
533,533,453.0,129.0
534,534,452.0,129.0
535,535,451.0,129.0
536,536,450.0,129.0
537,537,449.0,129.0
538,538,448.0,129.0
539,539,447.0,129.0
540,540,446.0,129.0
541,541,445.0,129.0
542,542,444.0,129.0
543,543,443.0,129.0
544,544,442.0,129.0
545,545,441.0,129.0
546,546,440.0,129.0
547,547,439.0,129.0
548,548,438.0,129.0
549,549,437.0,129.0
550,550,436.0,129.0
551,551,435.0,129.0
552,552,434.0,129.0
553,553,433.0,129.0
554,554,432.0,129.0
555,555,431.0,129.0
556,556,430.0,129.0
557,557,429.0,129.0
558,558,428.0,128.0
559,559,427.0,128.0
560,560,426.0,127.0
561,561,425.0,126.0
562,562,424.0,125.0
563,563,423.0,124.0
564,564,422.0,123.0
565,565,421.0,122.0
566,566,421.0,121.0
567,567,420.0,120.0
568,568,419.0,119.0
569,569,418.0,118.0
570,570,417.0,117.0
571,571,416.0,116.0
572,572,415.0,115.0
573,573,414.0,114.0
574,574,413.0,113.0
575,575,412.0,112.0
576,576,411.0,111.0
577,577,410.0,110.0
578,578,409.0,109.0
579,579,408.0,108.0
580,580,407.0,107.0
581,581,406.0,107.0
582,582,405.0,106.0
583,583,404.0,105.0
584,584,403.0,104.0
585,585,402.0,103.0
586,586,401.0,102.0
587,587,400.0,101.0
588,588,399.0,101.0
589,589,398.0,100.0
590,590,397.0,99.0
591,591,396.0,99.0
592,592,395.0,98.0
593,593,394.0,97.0
594,594,393.0,96.0
595,595,392.0,96.0
596,596,391.0,95.0
597,597,390.0,94.0
598,598,389.0,93.0
599,599,388.0,93.0
600,600,387.0,92.0
601,601,386.0,91.0
602,602,385.0,91.0
603,603,384.0,90.0
604,604,383.0,89.0
605,605,382.0,89.0
606,606,381.0,88.0
607,607,380.0,88.0
608,608,379.0,87.0
609,609,378.0,86.0
610,610,377.0,86.0
611,611,376.0,85.0
612,612,375.0,84.0
613,613,374.0,84.0
614,614,373.0,83.0
615,615,372.0,83.0
616,616,371.0,82.0
617,617,370.0,81.0
618,618,369.0,81.0
619,619,368.0,80.0
620,620,367.0,80.0
621,621,366.0,79.0
622,622,365.0,79.0
623,623,364.0,78.0
624,624,363.0,78.0
625,625,362.0,77.0
626,626,361.0,77.0
627,627,360.0,76.0
628,628,359.0,76.0
629,629,358.0,75.0
630,630,357.0,75.0
631,631,356.0,75.0
632,632,355.0,74.0
633,633,354.0,74.0
634,634,353.0,73.0
635,635,352.0,73.0
636,636,351.0,72.0
637,637,350.0,72.0
638,638,349.0,71.0
639,639,348.0,71.0
640,640,347.0,71.0
641,641,346.0,70.0
642,642,345.0,70.0
643,643,344.0,70.0
644,644,343.0,69.0
645,645,342.0,69.0
646,646,341.0,68.0
647,647,340.0,68.0
648,648,339.0,68.0
649,649,338.0,67.0
650,650,337.0,67.0
651,651,336.0,67.0
652,652,335.0,66.0
653,653,334.0,66.0
654,654,333.0,66.0
655,655,332.0,65.0
656,656,331.0,65.0
657,657,330.0,65.0
658,658,329.0,65.0
659,659,328.0,64.0
660,660,327.0,64.0
661,661,326.0,64.0
662,662,325.0,63.0
663,663,324.0,63.0
664,664,323.0,63.0
665,665,322.0,63.0
666,666,321.0,62.0
667,667,320.0,62.0
668,668,319.0,62.0
669,669,318.0,62.0
670,670,317.0,61.0
671,671,316.0,61.0
672,672,315.0,61.0
673,673,314.0,61.0
674,674,313.0,61.0
675,675,312.0,60.0
676,676,311.0,60.0
677,677,310.0,60.0
678,678,309.0,60.0
679,679,308.0,60.0
680,680,307.0,59.0
681,681,306.0,59.0
682,682,305.0,59.0
683,683,304.0,59.0
684,684,303.0,59.0
685,685,302.0,59.0
686,686,301.0,59.0
687,687,300.0,58.0
688,688,299.0,58.0
689,689,298.0,58.0
690,690,297.0,58.0
691,691,296.0,58.0
692,692,295.0,58.0
693,693,294.0,58.0
694,694,293.0,58.0
695,695,292.0,58.0
696,696,291.0,57.0
697,697,290.0,57.0
698,698,289.0,57.0
699,699,288.0,57.0
700,700,287.0,57.0
701,701,286.0,57.0
702,702,285.0,57.0
703,703,284.0,57.0
704,704,283.0,57.0
705,705,282.0,57.0
706,706,281.0,57.0
707,707,280.0,57.0
708,708,279.0,57.0
709,709,278.0,57.0
710,710,277.0,57.0
711,711,276.0,57.0
712,712,275.0,57.0
713,713,274.0,57.0
714,714,273.0,57.0
715,715,272.0,57.0
716,716,271.0,57.0
717,717,270.0,57.0
718,718,269.0,57.0
719,719,268.0,57.0
720,720,267.0,57.0
721,721,266.0,57.0
722,722,265.0,57.0
723,723,264.0,57.0
724,724,263.0,57.0
725,725,262.0,57.0
726,726,261.0,57.0
727,727,260.0,57.0
728,728,259.0,57.0
729,729,258.0,57.0
730,730,257.0,57.0
731,731,256.0,57.0
732,732,255.0,57.0
