indice,x,y,dist_baseline,dist_baseline_ajustada,dist_ponto_contato,lado_correto,candidato_janela,permaneceu,descartado,motivo_descarte
0,254.0,57.0,156.0,157.56,308.3699077406873,False,False,False,True,acima_janela_permitida;lado_errado
1,253.0,58.0,155.0,156.56,308.72965520014435,False,False,False,True,acima_janela_permitida;lado_errado
2,252.0,58.0,155.0,156.56,309.594896598765,False,False,False,True,acima_janela_permitida;lado_errado
3,251.0,58.0,155.0,156.56,310.46094762465697,False,False,False,True,acima_janela_permitida;lado_errado
4,250.0,58.0,155.0,156.56,311.3278015211619,False,False,False,True,acima_janela_permitida;lado_errado
5,249.0,58.0,155.0,156.56,312.1954516004357,False,False,False,True,acima_janela_permitida;lado_errado
6,248.0,58.0,155.0,156.56,313.06389124266633,False,False,False,True,acima_janela_permitida;lado_errado
7,247.0,58.0,155.0,156.56,313.93311389530095,False,False,False,True,acima_janela_permitida;lado_errado
8,246.0,58.0,155.0,156.56,314.80311307228203,False,False,False,True,acima_janela_permitida;lado_errado
9,245.0,58.0,155.0,156.56,315.67388235329196,False,False,False,True,acima_janela_permitida;lado_errado
10,244.0,59.0,154.0,155.56,316.0569568922665,False,False,False,True,acima_janela_permitida;lado_errado
11,243.0,59.0,154.0,155.56,316.93059177050105,False,False,False,True,acima_janela_permitida;lado_errado
12,242.0,59.0,154.0,155.56,317.80497164141406,False,False,False,True,acima_janela_permitida;lado_errado
13,241.0,59.0,154.0,155.56,318.68009037277494,False,False,False,True,acima_janela_permitida;lado_errado
14,240.0,59.0,154.0,155.56,319.5559418943732,False,False,False,True,acima_janela_permitida;lado_errado
15,239.0,59.0,154.0,155.56,320.4325201973108,False,False,False,True,acima_janela_permitida;lado_errado
16,238.0,59.0,154.0,155.56,321.30981933330327,False,False,False,True,acima_janela_permitida;lado_errado
17,237.0,60.0,153.0,154.56,321.71105047853115,False,False,False,True,acima_janela_permitida;lado_errado
18,236.0,60.0,153.0,154.56,322.59107241211746,False,False,False,True,acima_janela_permitida;lado_errado
19,235.0,60.0,153.0,154.56,323.47179166041667,False,False,False,True,acima_janela_permitida;lado_errado
20,234.0,60.0,153.0,154.56,324.35320254315354,False,False,False,True,acima_janela_permitida;lado_errado
21,233.0,60.0,153.0,154.56,325.2352994371921,False,False,False,True,acima_janela_permitida;lado_errado
22,232.0,61.0,152.0,153.56,325.6501189927619,False,False,False,True,acima_janela_permitida;lado_errado
23,231.0,61.0,152.0,153.56,326.5348373451139,False,False,False,True,acima_janela_permitida;lado_errado
24,230.0,61.0,152.0,153.56,327.42021929013487,False,False,False,True,acima_janela_permitida;lado_errado
25,229.0,61.0,152.0,153.56,328.3062594590606,False,False,False,True,acima_janela_permitida;lado_errado
26,228.0,61.0,152.0,153.56,329.19295253695816,False,False,False,True,acima_janela_permitida;lado_errado
27,227.0,62.0,151.0,152.56,329.6209944769902,False,False,False,True,acima_janela_permitida;lado_errado
28,226.0,62.0,151.0,152.56,330.5102116425452,False,False,False,True,acima_janela_permitida;lado_errado
29,225.0,62.0,151.0,152.56,331.40006035002466,False,False,False,True,acima_janela_permitida;lado_errado
30,224.0,62.0,151.0,152.56,332.29053552576545,False,False,False,True,acima_janela_permitida;lado_errado
31,223.0,63.0,150.0,151.56,332.7296199619144,False,False,False,True,acima_janela_permitida;lado_errado
32,222.0,63.0,150.0,151.56,333.6225412048772,False,False,False,True,acima_janela_permitida;lado_errado
33,221.0,63.0,150.0,151.56,334.51606837340415,False,False,False,True,acima_janela_permitida;lado_errado
34,220.0,63.0,150.0,151.56,335.4101966249685,False,False,False,True,acima_janela_permitida;lado_errado
35,219.0,64.0,149.0,150.56,335.86008991840635,False,False,False,True,acima_janela_permitida;lado_errado
36,218.0,64.0,149.0,150.56,336.7565886512096,False,False,False,True,acima_janela_permitida;lado_errado
37,217.0,64.0,149.0,150.56,337.6536687198882,False,False,False,True,acima_janela_permitida;lado_errado
38,216.0,65.0,148.0,149.56,338.1124073440666,False,False,False,True,acima_janela_permitida;lado_errado
39,215.0,65.0,148.0,149.56,339.01179920468843,False,False,False,True,acima_janela_permitida;lado_errado
40,214.0,65.0,148.0,149.56,339.91175325369375,False,False,False,True,acima_janela_permitida;lado_errado
41,213.0,66.0,147.0,148.56,340.37920030460145,False,False,False,True,acima_janela_permitida;lado_errado
42,212.0,66.0,147.0,148.56,341.28140881096937,False,False,False,True,acima_janela_permitida;lado_errado
43,211.0,66.0,147.0,148.56,342.1841609426129,False,False,False,True,acima_janela_permitida;lado_errado
44,210.0,66.0,147.0,148.56,343.0874524082745,False,False,False,True,acima_janela_permitida;lado_errado
45,209.0,67.0,146.0,147.56,343.56513210743606,False,False,False,True,acima_janela_permitida;lado_errado
46,208.0,67.0,146.0,147.56,344.4706083252967,False,False,False,True,acima_janela_permitida;lado_errado
47,207.0,67.0,146.0,147.56,345.37660604042077,False,False,False,True,acima_janela_permitida;lado_errado
48,206.0,68.0,145.0,146.56,345.86268951709724,False,False,False,True,acima_janela_permitida;lado_errado
49,205.0,68.0,145.0,146.56,346.77081768799405,False,False,False,True,acima_janela_permitida;lado_errado
50,204.0,69.0,144.0,145.56,347.26358864701035,False,False,False,True,acima_janela_permitida;lado_errado
51,203.0,69.0,144.0,145.56,348.1738071710737,False,False,False,True,acima_janela_permitida;lado_errado
52,202.0,69.0,144.0,145.56,349.08451698693256,False,False,False,True,acima_janela_permitida;lado_errado
53,201.0,70.0,143.0,144.56,349.5854688055555,False,False,False,True,acima_janela_permitida;lado_errado
54,200.0,70.0,143.0,144.56,350.49821682855963,False,False,False,True,acima_janela_permitida;lado_errado
55,199.0,70.0,143.0,144.56,351.411439768258,False,False,False,True,acima_janela_permitida;lado_errado
56,198.0,71.0,142.0,143.56,351.9204455555261,False,False,False,True,acima_janela_permitida;lado_errado
57,197.0,71.0,142.0,143.56,352.8356557945923,False,False,False,True,acima_janela_permitida;lado_errado
58,196.0,72.0,141.0,142.56,353.3511001822408,False,False,False,True,acima_janela_permitida;lado_errado
59,195.0,72.0,141.0,142.56,354.268259938708,False,False,False,True,acima_janela_permitida;lado_errado
60,194.0,72.0,141.0,142.56,355.18586683594265,False,False,False,True,acima_janela_permitida;lado_errado
61,193.0,73.0,140.0,141.56,355.7091508522096,False,False,False,True,acima_janela_permitida;lado_errado
62,192.0,73.0,140.0,141.56,356.62865841095834,False,False,False,True,acima_janela_permitida;lado_errado
63,191.0,74.0,139.0,140.56,357.1582282406497,False,False,False,True,acima_janela_permitida;lado_errado
64,190.0,74.0,139.0,140.56,358.0796000891422,False,False,False,True,acima_janela_permitida;lado_errado
65,189.0,75.0,138.0,139.56,358.6153928653928,False,False,False,True,acima_janela_permitida;lado_errado
66,188.0,75.0,138.0,139.56,359.5385931996731,False,False,False,True,acima_janela_permitida;lado_errado
67,187.0,76.0,137.0,138.56,360.0805465447974,False,False,False,True,acima_janela_permitida;lado_errado
68,186.0,76.0,137.0,138.56,361.00554012369395,False,False,False,True,acima_janela_permitida;lado_errado
69,185.0,77.0,136.0,137.56,361.55359215474544,False,False,False,True,acima_janela_permitida;lado_errado
70,184.0,77.0,136.0,137.56,362.48034429469413,False,False,False,True,acima_janela_permitida;lado_errado
71,183.0,78.0,135.0,136.56,363.03443362854716,False,False,False,True,acima_janela_permitida;lado_errado
72,182.0,78.0,135.0,136.56,363.9629101982783,False,False,False,True,acima_janela_permitida;lado_errado
73,181.0,78.0,135.0,136.56,364.89176477415873,False,False,False,True,acima_janela_permitida;lado_errado
74,180.0,79.0,134.0,135.56,365.4531433713493,False,False,False,True,acima_janela_permitida;lado_errado
75,179.0,79.0,134.0,135.56,366.3836786757838,False,False,False,True,acima_janela_permitida;lado_errado
76,178.0,80.0,133.0,134.56,366.95095040073136,False,False,False,True,acima_janela_permitida;lado_errado
77,177.0,80.0,133.0,134.56,367.88313361718554,False,False,False,True,acima_janela_permitida;lado_errado
78,176.0,81.0,132.0,133.56,368.4562389212591,False,False,False,True,acima_janela_permitida;lado_errado
79,175.0,81.0,132.0,133.56,369.3900377649619,False,False,False,True,acima_janela_permitida;lado_errado
80,174.0,82.0,131.0,132.56,369.9689176133584,False,False,False,True,acima_janela_permitida;lado_errado
81,173.0,83.0,130.0,131.56,370.55229050702144,False,False,False,True,acima_janela_permitida;lado_errado
82,172.0,83.0,130.0,131.56,371.48889620014216,False,False,False,True,acima_janela_permitida;lado_errado
83,171.0,84.0,129.0,130.56,372.0779488225552,False,False,False,True,acima_janela_permitida;lado_errado
84,170.0,85.0,128.0,129.56,372.67143705950957,False,False,False,True,acima_janela_permitida;lado_errado
85,169.0,85.0,128.0,129.56,373.6107600163571,False,False,False,True,acima_janela_permitida;lado_errado
86,168.0,86.0,127.0,128.56,374.2098341839776,False,False,False,True,acima_janela_permitida;lado_errado
87,167.0,86.0,127.0,128.56,375.150636411562,False,False,False,True,acima_janela_permitida;lado_errado
88,166.0,87.0,126.0,127.56,375.7552394844282,False,False,False,True,acima_janela_permitida;lado_errado
89,165.0,88.0,125.0,126.56,376.36418533117626,False,False,False,True,acima_janela_permitida;lado_errado
90,164.0,88.0,125.0,126.56,377.30756684699554,False,False,False,True,acima_janela_permitida;lado_errado
91,163.0,89.0,124.0,125.56,377.9219496139381,False,False,False,True,acima_janela_permitida;lado_errado
92,162.0,89.0,124.0,125.56,378.8667311865744,False,False,False,True,acima_janela_permitida;lado_errado
93,161.0,90.0,123.0,124.56,379.4864951483781,False,False,False,True,acima_janela_permitida;lado_errado
94,160.0,91.0,122.0,123.56,380.11051024669126,False,False,False,True,acima_janela_permitida;lado_errado
95,159.0,91.0,122.0,123.56,381.0577384071868,False,False,False,True,acima_janela_permitida;lado_errado
96,158.0,92.0,121.0,122.56,381.6870445797185,False,False,False,True,acima_janela_permitida;lado_errado
97,157.0,93.0,120.0,121.56,382.32054613896963,False,False,False,True,acima_janela_permitida;lado_errado
98,156.0,93.0,120.0,121.56,383.27013971871065,False,False,False,True,acima_janela_permitida;lado_errado
99,155.0,94.0,119.0,120.56,383.90884334695915,False,False,False,True,acima_janela_permitida;lado_errado
100,154.0,95.0,118.0,119.56,384.55168703309573,False,False,False,True,acima_janela_permitida;lado_errado
101,153.0,96.0,117.0,118.56,385.1986500495556,False,False,False,True,acima_janela_permitida;lado_errado
102,152.0,96.0,117.0,118.56,386.1515246635704,False,False,False,True,acima_janela_permitida;lado_errado
103,151.0,97.0,116.0,117.56,386.80356771881,False,False,False,True,acima_janela_permitida;lado_errado
104,150.0,98.0,115.0,116.56,387.45967532118743,False,False,False,True,acima_janela_permitida;lado_errado
105,149.0,99.0,114.0,115.56,388.1198268576343,False,False,False,True,acima_janela_permitida;lado_errado
106,148.0,99.0,114.0,115.56,389.0758280849634,False,False,False,True,acima_janela_permitida;lado_errado
107,147.0,100.0,113.0,114.56,389.74093959962687,False,False,False,True,acima_janela_permitida;lado_errado
108,146.0,101.0,112.0,113.56,390.4100408544842,False,False,False,True,acima_janela_permitida;lado_errado
109,145.0,102.0,111.0,112.56,391.0831113714833,False,False,False,True,acima_janela_permitida;lado_errado
110,144.0,102.0,111.0,112.56,392.0420895771269,False,False,False,True,acima_janela_permitida;lado_errado
111,143.0,103.0,110.0,111.56,392.7200020370748,False,False,False,True,acima_janela_permitida;lado_errado
112,142.0,104.0,109.0,110.56,393.4018301940142,False,False,False,True,acima_janela_permitida;lado_errado
113,141.0,105.0,108.0,109.56,394.08755372378863,False,False,False,True,acima_janela_permitida;lado_errado
114,140.0,106.0,107.0,108.56,394.77715232774045,False,False,False,True,acima_janela_permitida;lado_errado
115,139.0,107.0,106.0,107.56,395.47060573448437,False,False,False,True,acima_janela_permitida;lado_errado
116,138.0,108.0,105.0,106.56,396.16789370164764,False,False,False,True,acima_janela_permitida;lado_errado
117,137.0,109.0,104.0,105.56,396.86899601757756,False,False,False,True,acima_janela_permitida;lado_errado
118,136.0,109.0,104.0,105.56,397.8341362930034,False,False,False,True,acima_janela_permitida;lado_errado
119,135.0,110.0,103.0,104.56,398.5398348973412,False,False,False,True,acima_janela_permitida;lado_errado
120,134.0,111.0,102.0,103.56,399.2492955535426,False,False,False,True,acima_janela_permitida;lado_errado
121,133.0,112.0,101.0,102.56,399.96249824202266,False,False,False,True,acima_janela_permitida;lado_errado
122,132.0,113.0,100.0,101.56,400.6794229805169,False,False,False,True,acima_janela_permitida;lado_errado
123,131.0,114.0,99.0,100.56,401.40004982560725,False,False,False,True,acima_janela_permitida;lado_errado
124,130.0,115.0,98.0,99.56,402.1243588742169,False,False,False,True,acima_janela_permitida;lado_errado
125,129.0,116.0,97.0,98.56,402.8523302650737,False,False,False,True,acima_janela_permitida;lado_errado
126,128.0,117.0,96.0,97.56,403.58394418014205,False,False,False,True,acima_janela_permitida;lado_errado
127,127.0,118.0,95.0,96.56,404.31918084602415,False,False,False,True,acima_janela_permitida;lado_errado
128,126.0,119.0,94.0,95.56,405.05802053533023,False,False,False,True,acima_janela_permitida;lado_errado
129,126.0,120.0,93.0,94.56,404.82712359722143,False,False,False,True,acima_janela_permitida;lado_errado
130,125.0,121.0,92.0,93.56,405.5724349607601,False,False,False,True,acima_janela_permitida;lado_errado
131,124.0,122.0,91.0,92.56,406.3213014352066,False,False,False,True,acima_janela_permitida;lado_errado
132,123.0,123.0,90.0,91.56,407.0737034002565,False,False,False,True,acima_janela_permitida;lado_errado
133,122.0,124.0,89.0,90.56,407.82962128810607,False,False,False,True,acima_janela_permitida;lado_errado
134,121.0,125.0,88.0,89.56,408.58903558465687,False,False,False,True,acima_janela_permitida;lado_errado
135,120.0,126.0,87.0,88.56,409.35192683069175,False,False,False,True,acima_janela_permitida;lado_errado
136,119.0,127.0,86.0,87.56,410.11827562302074,False,False,False,True,acima_janela_permitida;lado_errado
137,118.0,128.0,85.0,86.56,410.8880626155985,False,False,False,True,acima_janela_permitida;lado_errado
138,117.0,128.0,85.0,86.56,411.86648321998723,False,False,False,True,acima_janela_permitida;lado_errado
139,116.0,129.0,84.0,85.56,412.6402791778815,False,False,False,True,acima_janela_permitida;lado_errado
140,115.0,129.0,84.0,85.56,413.61939026114334,False,False,False,True,acima_janela_permitida;lado_errado
141,114.0,129.0,84.0,85.56,414.59860105890374,False,False,False,True,acima_janela_permitida;lado_errado
142,113.0,129.0,84.0,85.56,415.5779108663019,False,False,False,True,acima_janela_permitida;lado_errado
143,112.0,129.0,84.0,85.56,416.5573189850348,False,False,False,True,acima_janela_permitida;lado_errado
144,111.0,129.0,84.0,85.56,417.53682472328114,False,False,False,True,acima_janela_permitida;lado_errado
145,110.0,129.0,84.0,85.56,418.51642739562806,False,False,False,True,acima_janela_permitida;lado_errado
146,109.0,129.0,84.0,85.56,419.49612632299716,False,False,False,True,acima_janela_permitida;lado_errado
147,108.0,129.0,84.0,85.56,420.47592083257274,False,False,False,True,acima_janela_permitida;lado_errado
148,107.0,129.0,84.0,85.56,421.4558102577303,False,False,False,True,acima_janela_permitida;lado_errado
149,106.0,129.0,84.0,85.56,422.43579393796637,False,False,False,True,acima_janela_permitida;lado_errado
150,105.0,129.0,84.0,85.56,423.415871218829,False,False,False,True,acima_janela_permitida;lado_errado
151,104.0,129.0,84.0,85.56,424.39604145184956,False,False,False,True,acima_janela_permitida;lado_errado
152,103.0,129.0,84.0,85.56,425.376303994475,False,False,False,True,acima_janela_permitida;lado_errado
153,102.0,129.0,84.0,85.56,426.35665821000146,False,False,False,True,acima_janela_permitida;lado_errado
154,101.0,129.0,84.0,85.56,427.3371034675084,False,False,False,True,acima_janela_permitida;lado_errado
155,100.0,129.0,84.0,85.56,428.3176391417939,False,False,False,True,acima_janela_permitida;lado_errado
156,99.0,129.0,84.0,85.56,429.29826461331055,False,False,False,True,acima_janela_permitida;lado_errado
157,98.0,129.0,84.0,85.56,430.27897926810226,False,False,False,True,acima_janela_permitida;lado_errado
158,97.0,129.0,84.0,85.56,431.2597824977423,False,False,False,True,acima_janela_permitida;lado_errado
159,96.0,129.0,84.0,85.56,432.2406736992714,False,False,False,True,acima_janela_permitida;lado_errado
160,95.0,129.0,84.0,85.56,433.22165227513733,False,False,False,True,acima_janela_permitida;lado_errado
161,94.0,129.0,84.0,85.56,434.202717633135,False,False,False,True,acima_janela_permitida;lado_errado
162,93.0,129.0,84.0,85.56,435.18386918634747,False,False,False,True,acima_janela_permitida;lado_errado
163,92.0,129.0,84.0,85.56,436.16510635308737,False,False,False,True,acima_janela_permitida;lado_errado
164,91.0,129.0,84.0,85.56,437.1464285568395,False,False,False,True,acima_janela_permitida;lado_errado
165,90.0,129.0,84.0,85.56,438.1278352262043,False,False,False,True,acima_janela_permitida;lado_errado
166,89.0,129.0,84.0,85.56,439.1093257948412,False,False,False,True,acima_janela_permitida;lado_errado
167,88.0,129.0,84.0,85.56,440.09089970141395,False,False,False,True,acima_janela_permitida;lado_errado
168,87.0,129.0,84.0,85.56,441.0725563895355,False,False,False,True,acima_janela_permitida;lado_errado
169,86.0,129.0,84.0,85.56,442.0542953077144,False,False,False,True,acima_janela_permitida;lado_errado
170,85.0,129.0,84.0,85.56,443.0361159093015,False,False,False,True,acima_janela_permitida;lado_errado
171,84.0,129.0,84.0,85.56,444.01801765243715,False,False,False,True,acima_janela_permitida;lado_errado
172,83.0,129.0,84.0,85.56,445.0,False,False,False,True,acima_janela_permitida;lado_errado
173,82.0,129.0,84.0,85.56,445.9820624195552,False,False,False,True,acima_janela_permitida;lado_errado
174,81.0,129.0,84.0,85.56,446.96420438330404,False,False,False,True,acima_janela_permitida;lado_errado
175,80.0,129.0,84.0,85.56,447.9464253680344,False,False,False,True,acima_janela_permitida;lado_errado
176,79.0,129.0,84.0,85.56,448.9287248550709,False,False,False,True,acima_janela_permitida;lado_errado
177,78.0,129.0,84.0,85.56,449.91110233022704,False,False,False,True,acima_janela_permitida;lado_errado
178,77.0,129.0,84.0,85.56,450.89355728375625,False,False,False,True,acima_janela_permitida;lado_errado
179,76.0,129.0,84.0,85.56,451.8760892103055,False,False,False,True,acima_janela_permitida;lado_errado
180,75.0,129.0,84.0,85.56,452.8586976088678,False,False,False,True,acima_janela_permitida;lado_errado
181,74.0,129.0,84.0,85.56,453.8413819827363,False,False,False,True,acima_janela_permitida;lado_errado
182,73.0,129.0,84.0,85.56,454.82414183945866,False,False,False,True,acima_janela_permitida;lado_errado
183,72.0,129.0,84.0,85.56,455.80697669079177,False,False,False,True,acima_janela_permitida;lado_errado
184,71.0,129.0,84.0,85.56,456.7898860526577,False,False,False,True,acima_janela_permitida;lado_errado
185,70.0,129.0,84.0,85.56,457.7728694450994,False,False,False,True,acima_janela_permitida;lado_errado
186,69.0,129.0,84.0,85.56,458.7559263922375,False,False,False,True,acima_janela_permitida;lado_errado
187,68.0,129.0,84.0,85.56,459.7390564222274,False,False,False,True,acima_janela_permitida;lado_errado
188,67.0,129.0,84.0,85.56,460.7222590672172,False,False,False,True,acima_janela_permitida;lado_errado
189,66.0,129.0,84.0,85.56,461.70553386330556,False,False,False,True,acima_janela_permitida;lado_errado
190,65.0,129.0,84.0,85.56,462.68888035050077,False,False,False,True,acima_janela_permitida;lado_errado
191,64.0,129.0,84.0,85.56,463.6722980726798,False,False,False,True,acima_janela_permitida;lado_errado
192,63.0,129.0,84.0,85.56,464.65578657754816,False,False,False,True,acima_janela_permitida;lado_errado
193,62.0,129.0,84.0,85.56,465.6393454166003,False,False,False,True,acima_janela_permitida;lado_errado
194,61.0,129.0,84.0,85.56,466.62297414508,False,False,False,True,acima_janela_permitida;lado_errado
195,60.0,129.0,84.0,85.56,467.60667232194197,False,False,False,True,acima_janela_permitida;lado_errado
196,59.0,129.0,84.0,85.56,468.5904395098133,False,False,False,True,acima_janela_permitida;lado_errado
197,58.0,129.0,84.0,85.56,469.5742752749558,False,False,False,True,acima_janela_permitida;lado_errado
198,57.0,129.0,84.0,85.56,470.5581791872287,False,False,False,True,acima_janela_permitida;lado_errado
199,56.0,129.0,84.0,85.56,471.5421508200513,False,False,False,True,acima_janela_permitida;lado_errado
200,55.0,129.0,84.0,85.56,472.52618975036717,False,False,False,True,acima_janela_permitida;lado_errado
201,54.0,129.0,84.0,85.56,473.51029555860765,False,False,False,True,acima_janela_permitida;lado_errado
202,53.0,129.0,84.0,85.56,474.4944678286566,False,False,False,True,acima_janela_permitida;lado_errado
203,52.0,129.0,84.0,85.56,475.47870614781476,False,False,False,True,acima_janela_permitida;lado_errado
204,51.0,129.0,84.0,85.56,476.4630101067658,False,False,False,True,acima_janela_permitida;lado_errado
205,50.0,129.0,84.0,85.56,477.44737929954124,False,False,False,True,acima_janela_permitida;lado_errado
206,49.0,129.0,84.0,85.56,478.43181332348706,False,False,False,True,acima_janela_permitida;lado_errado
207,48.0,129.0,84.0,85.56,479.4163117792301,False,False,False,True,acima_janela_permitida;lado_errado
208,47.0,129.0,84.0,85.56,480.4008742706449,False,False,False,True,acima_janela_permitida;lado_errado
209,46.0,129.0,84.0,85.56,481.3855004048211,False,False,False,True,acima_janela_permitida;lado_errado
210,45.0,129.0,84.0,85.56,482.370189792031,False,False,False,True,acima_janela_permitida;lado_errado
211,44.0,129.0,84.0,85.56,483.35494204569795,False,False,False,True,acima_janela_permitida;lado_errado
212,43.0,129.0,84.0,85.56,484.3397567823645,False,False,False,True,acima_janela_permitida;lado_errado
213,42.0,129.0,84.0,85.56,485.3246336216615,False,False,False,True,acima_janela_permitida;lado_errado
214,41.0,129.0,84.0,85.56,486.30957218627725,False,False,False,True,acima_janela_permitida;lado_errado
215,40.0,129.0,84.0,85.56,487.29457210192686,False,False,False,True,acima_janela_permitida;lado_errado
216,39.0,129.0,84.0,85.56,488.27963299732255,False,False,False,True,acima_janela_permitida;lado_errado
217,38.0,129.0,84.0,85.56,489.2647545041437,False,False,False,True,acima_janela_permitida;lado_errado
218,37.0,129.0,84.0,85.56,490.24993625700756,False,False,False,True,acima_janela_permitida;lado_errado
219,36.0,129.0,84.0,85.56,491.2351778934404,False,False,False,True,acima_janela_permitida;lado_errado
220,35.0,129.0,84.0,85.56,492.2204790538484,False,False,False,True,acima_janela_permitida;lado_errado
221,34.0,129.0,84.0,85.56,493.2058393814899,False,False,False,True,acima_janela_permitida;lado_errado
222,33.0,129.0,84.0,85.56,494.19125852244696,False,False,False,True,acima_janela_permitida;lado_errado
223,32.0,129.0,84.0,85.56,495.17673612559787,False,False,False,True,acima_janela_permitida;lado_errado
224,31.0,129.0,84.0,85.56,496.1622718425898,False,False,False,True,acima_janela_permitida;lado_errado
225,30.0,129.0,84.0,85.56,497.1478653278117,False,False,False,True,acima_janela_permitida;lado_errado
226,29.0,129.0,84.0,85.56,498.1335162383676,False,False,False,True,acima_janela_permitida;lado_errado
227,28.0,129.0,84.0,85.56,499.11922423405014,False,False,False,True,acima_janela_permitida;lado_errado
228,27.0,129.0,84.0,85.56,500.10498897731463,False,False,False,True,acima_janela_permitida;lado_errado
229,26.0,129.0,84.0,85.56,501.09081013325317,False,False,False,True,acima_janela_permitida;lado_errado
230,25.0,129.0,84.0,85.56,502.0766873695691,False,False,False,True,acima_janela_permitida;lado_errado
231,24.0,129.0,84.0,85.56,503.06262035655163,False,False,False,True,acima_janela_permitida;lado_errado
232,23.0,129.0,84.0,85.56,504.04860876705135,False,False,False,True,acima_janela_permitida;lado_errado
233,22.0,129.0,84.0,85.56,505.0346522764552,False,False,False,True,acima_janela_permitida;lado_errado
234,21.0,129.0,84.0,85.56,506.0207505626622,False,False,False,True,acima_janela_permitida;lado_errado
235,20.0,129.0,84.0,85.56,507.00690330605954,False,False,False,True,acima_janela_permitida;lado_errado
236,19.0,129.0,84.0,85.56,507.9931101894985,False,False,False,True,acima_janela_permitida;lado_errado
237,18.0,129.0,84.0,85.56,508.97937089827127,False,False,False,True,acima_janela_permitida;lado_errado
238,17.0,129.0,84.0,85.56,509.96568512008724,False,False,False,True,acima_janela_permitida;lado_errado
239,16.0,129.0,84.0,85.56,510.95205254505044,False,False,False,True,acima_janela_permitida;lado_errado
240,15.0,129.0,84.0,85.56,511.93847286563647,False,False,False,True,acima_janela_permitida;lado_errado
241,14.0,129.0,84.0,85.56,512.9249457766701,False,False,False,True,acima_janela_permitida;lado_errado
242,13.0,129.0,84.0,85.56,513.9114709753032,False,False,False,True,acima_janela_permitida;lado_errado
243,12.0,129.0,84.0,85.56,514.8980481609927,False,False,False,True,acima_janela_permitida;lado_errado
244,11.0,129.0,84.0,85.56,515.8846770354785,False,False,False,True,acima_janela_permitida;lado_errado
245,10.0,129.0,84.0,85.56,516.8713573027625,False,False,False,True,acima_janela_permitida;lado_errado
246,9.0,129.0,84.0,85.56,517.858088669087,False,False,False,True,acima_janela_permitida;lado_errado
247,8.0,129.0,84.0,85.56,518.8448708429139,False,False,False,True,acima_janela_permitida;lado_errado
248,7.0,129.0,84.0,85.56,519.8317035349037,False,False,False,True,acima_janela_permitida;lado_errado
249,7.0,130.0,83.0,84.56,519.6710497997748,False,True,False,True,lado_errado
250,7.0,131.0,82.0,83.56,519.5122712698902,False,True,False,True,lado_errado
251,7.0,132.0,81.0,82.56,519.3553696651263,False,True,False,True,lado_errado
252,7.0,133.0,80.0,81.56,519.2003466870954,False,True,False,True,lado_errado
253,7.0,134.0,79.0,80.56,519.0472040190565,False,True,False,True,lado_errado
254,7.0,135.0,78.0,79.56,518.8959433258271,False,True,False,True,lado_errado
255,7.0,136.0,77.0,78.56,518.7465662536958,False,True,False,True,lado_errado
256,7.0,137.0,76.0,77.56,518.5990744303349,False,True,False,True,lado_errado
257,7.0,138.0,75.0,76.56,518.4534694647149,False,True,False,True,lado_errado
258,7.0,139.0,74.0,75.56,518.3097529470191,False,True,False,True,lado_errado
259,7.0,140.0,73.0,74.56,518.1679264485597,False,True,False,True,lado_errado
260,7.0,141.0,72.0,73.56,518.0279915216937,False,True,False,True,lado_errado
261,7.0,142.0,71.0,72.56,517.8899496997408,False,True,False,True,lado_errado
262,7.0,143.0,70.0,71.56,517.753802496901,False,True,False,True,lado_errado
263,7.0,144.0,69.0,70.56,517.6195514081747,False,True,False,True,lado_errado
264,7.0,145.0,68.0,69.56,517.4871979092816,False,True,False,True,lado_errado
265,7.0,146.0,67.0,68.56,517.3567434565824,False,True,False,True,lado_errado
266,7.0,147.0,66.0,67.56,517.228189487,False,True,False,True,lado_errado
267,7.0,148.0,65.0,66.56,517.1015374179427,False,True,False,True,lado_errado
268,7.0,149.0,64.0,65.56,516.9767886472274,False,True,False,True,lado_errado
269,7.0,150.0,63.0,64.56,516.8539445530042,False,True,False,True,lado_errado
270,7.0,151.0,62.0,63.56,516.7330064936824,False,True,False,True,lado_errado
271,7.0,152.0,61.0,62.56,516.6139758078559,False,True,False,True,lado_errado
272,7.0,153.0,60.0,61.56,516.4968538142318,False,True,False,True,lado_errado
273,7.0,154.0,59.0,60.56,516.3816418115579,False,True,False,True,lado_errado
274,7.0,155.0,58.0,59.56,516.2683410785519,False,True,False,True,lado_errado
275,7.0,156.0,57.0,58.56,516.1569528738328,False,True,False,True,lado_errado
276,7.0,157.0,56.0,57.56,516.0474784358508,False,True,False,True,lado_errado
277,7.0,158.0,55.0,56.56,515.9399189828212,False,True,False,True,lado_errado
278,7.0,159.0,54.0,55.56,515.8342757126557,False,True,False,True,lado_errado
279,7.0,160.0,53.0,54.56,515.7305498028985,False,True,False,True,lado_errado
280,7.0,161.0,52.0,53.56,515.6287424106612,False,True,False,True,lado_errado
281,7.0,162.0,51.0,52.56,515.5288546725585,False,True,False,True,lado_errado
282,7.0,163.0,50.0,51.56,515.4308877046466,False,True,False,True,lado_errado
283,7.0,164.0,49.0,50.56,515.3348426023608,False,True,False,True,lado_errado
284,7.0,165.0,48.0,49.56,515.2407204404559,False,True,False,True,lado_errado
285,7.0,166.0,47.0,48.56,515.148522272946,False,True,False,True,lado_errado
286,7.0,167.0,46.0,47.56,515.0582491330471,False,True,False,True,lado_errado
287,7.0,168.0,45.0,46.56,514.9699020331188,False,True,False,True,lado_errado
288,7.0,169.0,44.0,45.56,514.8834819646091,False,True,False,True,lado_errado
289,7.0,170.0,43.0,44.56,514.7989898979989,False,True,False,True,lado_errado
290,7.0,171.0,42.0,43.56,514.716426782748,False,True,False,True,lado_errado
291,7.0,172.0,41.0,42.56,514.6357935472425,False,True,False,True,lado_errado
292,7.0,173.0,40.0,41.56,514.557091098743,False,True,False,True,lado_errado
293,7.0,174.0,39.0,40.56,514.4803203233337,False,True,False,True,lado_errado
294,7.0,175.0,38.0,39.56,514.4054820858736,False,True,False,True,lado_errado
295,7.0,176.0,37.0,38.56,514.3325772299476,False,True,False,True,lado_errado
296,7.0,177.0,36.0,37.56,514.2616065778195,False,True,False,True,lado_errado
297,7.0,178.0,35.0,36.56,514.192570930386,False,True,False,True,lado_errado
298,7.0,179.0,34.0,35.56,514.1254710671316,False,True,False,True,lado_errado
299,7.0,180.0,33.0,34.56,514.0603077460854,False,True,False,True,lado_errado
300,7.0,181.0,32.0,33.56,513.9970817037778,False,True,False,True,lado_errado
301,7.0,182.0,31.0,32.56,513.9357936551997,False,True,False,True,lado_errado
302,7.0,183.0,30.0,31.560000000000002,513.8764442937621,False,True,False,True,lado_errado
303,7.0,184.0,29.0,30.560000000000002,513.819034291257,False,True,False,True,lado_errado
304,7.0,185.0,28.0,29.560000000000002,513.7635642978198,False,True,False,True,lado_errado
305,7.0,186.0,27.0,28.560000000000002,513.7100349418921,False,True,False,True,lado_errado
306,7.0,187.0,26.0,27.560000000000002,513.6584468301869,False,True,False,True,lado_errado
307,7.0,188.0,25.0,26.560000000000002,513.6088005476541,False,True,False,True,lado_errado
308,7.0,189.0,24.0,25.560000000000002,513.5610966574474,False,True,False,True,lado_errado
309,7.0,190.0,23.0,24.560000000000002,513.5153357008921,False,True,False,True,lado_errado
310,7.0,191.0,22.0,23.560000000000002,513.4715181974556,False,True,False,True,lado_errado
311,7.0,192.0,21.0,22.560000000000002,513.4296446447166,False,True,False,True,lado_errado
312,7.0,193.0,20.0,21.560000000000002,513.389715518338,False,True,False,True,lado_errado
313,7.0,194.0,19.0,20.560000000000002,513.3517312720393,False,True,False,True,lado_errado
314,7.0,195.0,18.0,19.560000000000002,513.3156923375711,False,True,False,True,lado_errado
315,7.0,196.0,17.0,18.560000000000002,513.281599124691,False,True,False,True,lado_errado
316,7.0,197.0,16.0,17.560000000000002,513.2494520211395,False,True,False,True,lado_errado
317,7.0,198.0,15.0,16.560000000000002,513.2192513926187,False,True,False,True,lado_errado
318,7.0,199.0,14.0,15.560000000000002,513.1909975827713,False,True,False,True,lado_errado
319,7.0,200.0,13.0,14.560000000000002,513.1646909131609,False,True,False,True,lado_errado
320,7.0,201.0,12.0,13.560000000000002,513.1403316832541,False,True,False,True,lado_errado
321,7.0,202.0,11.0,12.560000000000002,513.117920170403,False,True,False,True,lado_errado
322,7.0,203.0,10.0,11.560000000000002,513.0974566298297,False,True,False,True,lado_errado
323,7.0,204.0,9.0,10.560000000000002,513.078941294612,False,True,False,True,lado_errado
324,7.0,205.0,8.0,9.560000000000002,513.0623743756698,False,True,False,True,lado_errado
325,7.0,206.0,7.0,8.560000000000002,513.047756061753,False,True,False,True,lado_errado
326,7.0,207.0,6.0,7.560000000000002,513.0350865194309,False,True,False,True,lado_errado
327,7.0,208.0,5.0,6.560000000000002,513.0243658930831,False,True,False,True,lado_errado
328,7.0,209.0,4.0,5.560000000000002,513.0155943048906,False,True,False,True,lado_errado
329,7.0,210.0,3.0,4.560000000000002,513.008771854829,False,True,False,True,lado_errado
330,7.0,211.0,2.0,3.5600000000000023,513.0038986206634,False,True,False,True,lado_errado
331,7.0,212.0,1.0,2.5600000000000023,513.0009746579435,False,True,False,True,lado_errado
332,7.0,213.0,0.0,1.5600000000000023,513.0,False,True,False,True,lado_errado
333,8.0,213.0,0.0,1.5600000000000023,512.0,False,True,False,True,lado_errado
334,9.0,213.0,0.0,1.5600000000000023,511.0,False,True,False,True,lado_errado
335,10.0,213.0,0.0,1.5600000000000023,510.0,False,True,False,True,lado_errado
336,11.0,213.0,0.0,1.5600000000000023,509.0,False,True,False,True,lado_errado
337,12.0,213.0,0.0,1.5600000000000023,508.0,False,True,False,True,lado_errado
338,13.0,213.0,0.0,1.5600000000000023,507.0,False,True,False,True,lado_errado
339,14.0,213.0,0.0,1.5600000000000023,506.0,False,True,False,True,lado_errado
340,15.0,213.0,0.0,1.5600000000000023,505.0,False,True,False,True,lado_errado
341,16.0,213.0,0.0,1.5600000000000023,504.0,False,True,False,True,lado_errado
342,17.0,213.0,0.0,1.5600000000000023,503.0,False,True,False,True,lado_errado
343,18.0,213.0,0.0,1.5600000000000023,502.0,False,True,False,True,lado_errado
344,19.0,213.0,0.0,1.5600000000000023,501.0,False,True,False,True,lado_errado
345,20.0,213.0,0.0,1.5600000000000023,500.0,False,True,False,True,lado_errado
346,21.0,213.0,0.0,1.5600000000000023,499.0,False,True,False,True,lado_errado
347,22.0,213.0,0.0,1.5600000000000023,498.0,False,True,False,True,lado_errado
348,23.0,213.0,0.0,1.5600000000000023,497.0,False,True,False,True,lado_errado
349,24.0,213.0,0.0,1.5600000000000023,496.0,False,True,False,True,lado_errado
350,25.0,213.0,0.0,1.5600000000000023,495.0,False,True,False,True,lado_errado
351,26.0,213.0,0.0,1.5600000000000023,494.0,False,True,False,True,lado_errado
352,27.0,213.0,0.0,1.5600000000000023,493.0,False,True,False,True,lado_errado
353,28.0,213.0,0.0,1.5600000000000023,492.0,False,True,False,True,lado_errado
354,29.0,213.0,0.0,1.5600000000000023,491.0,False,True,False,True,lado_errado
355,30.0,213.0,0.0,1.5600000000000023,490.0,False,True,False,True,lado_errado
356,31.0,213.0,0.0,1.5600000000000023,489.0,False,True,False,True,lado_errado
357,32.0,213.0,0.0,1.5600000000000023,488.0,False,True,False,True,lado_errado
358,33.0,213.0,0.0,1.5600000000000023,487.0,False,True,False,True,lado_errado
359,34.0,213.0,0.0,1.5600000000000023,486.0,False,True,False,True,lado_errado
360,35.0,213.0,0.0,1.5600000000000023,485.0,False,True,False,True,lado_errado
361,36.0,213.0,0.0,1.5600000000000023,484.0,False,True,False,True,lado_errado
362,37.0,213.0,0.0,1.5600000000000023,483.0,False,True,False,True,lado_errado
363,38.0,213.0,0.0,1.5600000000000023,482.0,False,True,False,True,lado_errado
364,39.0,213.0,0.0,1.5600000000000023,481.0,False,True,False,True,lado_errado
365,40.0,213.0,0.0,1.5600000000000023,480.0,False,True,False,True,lado_errado
366,41.0,213.0,0.0,1.5600000000000023,479.0,False,True,False,True,lado_errado
367,42.0,213.0,0.0,1.5600000000000023,478.0,False,True,False,True,lado_errado
368,43.0,213.0,0.0,1.5600000000000023,477.0,False,True,False,True,lado_errado
369,44.0,213.0,0.0,1.5600000000000023,476.0,False,True,False,True,lado_errado
370,45.0,213.0,0.0,1.5600000000000023,475.0,False,True,False,True,lado_errado
371,46.0,213.0,0.0,1.5600000000000023,474.0,False,True,False,True,lado_errado
372,47.0,213.0,0.0,1.5600000000000023,473.0,False,True,False,True,lado_errado
373,48.0,213.0,0.0,1.5600000000000023,472.0,False,True,False,True,lado_errado
374,49.0,213.0,0.0,1.5600000000000023,471.0,False,True,False,True,lado_errado
375,50.0,213.0,0.0,1.5600000000000023,470.0,False,True,False,True,lado_errado
376,51.0,213.0,0.0,1.5600000000000023,469.0,False,True,False,True,lado_errado
377,52.0,213.0,0.0,1.5600000000000023,468.0,False,True,False,True,lado_errado
378,53.0,213.0,0.0,1.5600000000000023,467.0,False,True,False,True,lado_errado
379,54.0,213.0,0.0,1.5600000000000023,466.0,False,True,False,True,lado_errado
380,55.0,213.0,0.0,1.5600000000000023,465.0,False,True,False,True,lado_errado
381,56.0,213.0,0.0,1.5600000000000023,464.0,False,True,False,True,lado_errado
382,57.0,213.0,0.0,1.5600000000000023,463.0,False,True,False,True,lado_errado
383,58.0,213.0,0.0,1.5600000000000023,462.0,False,True,False,True,lado_errado
384,59.0,213.0,0.0,1.5600000000000023,461.0,False,True,False,True,lado_errado
385,60.0,213.0,0.0,1.5600000000000023,460.0,False,True,False,True,lado_errado
386,61.0,213.0,0.0,1.5600000000000023,459.0,False,True,False,True,lado_errado
387,62.0,213.0,0.0,1.5600000000000023,458.0,False,True,False,True,lado_errado
388,63.0,213.0,0.0,1.5600000000000023,457.0,False,True,False,True,lado_errado
389,64.0,213.0,0.0,1.5600000000000023,456.0,False,True,False,True,lado_errado
390,65.0,213.0,0.0,1.5600000000000023,455.0,False,True,False,True,lado_errado
391,66.0,213.0,0.0,1.5600000000000023,454.0,False,True,False,True,lado_errado
392,67.0,213.0,0.0,1.5600000000000023,453.0,False,True,False,True,lado_errado
393,68.0,213.0,0.0,1.5600000000000023,452.0,False,True,False,True,lado_errado
394,69.0,213.0,0.0,1.5600000000000023,451.0,False,True,False,True,lado_errado
395,70.0,213.0,0.0,1.5600000000000023,450.0,False,True,False,True,lado_errado
396,71.0,213.0,0.0,1.5600000000000023,449.0,False,True,False,True,lado_errado
397,72.0,213.0,0.0,1.5600000000000023,448.0,False,True,False,True,lado_errado
398,455.0,213.0,0.0,1.5600000000000023,65.0,True,True,True,False,mantido
399,456.0,213.0,0.0,1.5600000000000023,64.0,True,True,True,False,mantido
400,457.0,213.0,0.0,1.5600000000000023,63.0,True,True,True,False,mantido
401,458.0,213.0,0.0,1.5600000000000023,62.0,True,True,True,False,mantido
402,459.0,213.0,0.0,1.5600000000000023,61.0,True,True,True,False,mantido
403,460.0,213.0,0.0,1.5600000000000023,60.0,True,True,True,False,mantido
404,461.0,213.0,0.0,1.5600000000000023,59.0,True,True,True,False,mantido
405,462.0,213.0,0.0,1.5600000000000023,58.0,True,True,True,False,mantido
406,463.0,213.0,0.0,1.5600000000000023,57.0,True,True,True,False,mantido
407,464.0,213.0,0.0,1.5600000000000023,56.0,True,True,True,False,mantido
408,465.0,213.0,0.0,1.5600000000000023,55.0,True,True,True,False,mantido
409,466.0,213.0,0.0,1.5600000000000023,54.0,True,True,True,False,mantido
410,467.0,213.0,0.0,1.5600000000000023,53.0,True,True,True,False,mantido
411,468.0,213.0,0.0,1.5600000000000023,52.0,True,True,True,False,mantido
412,469.0,213.0,0.0,1.5600000000000023,51.0,True,True,True,False,mantido
413,470.0,213.0,0.0,1.5600000000000023,50.0,True,True,True,False,mantido
414,471.0,213.0,0.0,1.5600000000000023,49.0,True,True,True,False,mantido
415,472.0,213.0,0.0,1.5600000000000023,48.0,True,True,True,False,mantido
416,473.0,213.0,0.0,1.5600000000000023,47.0,True,True,True,False,mantido
417,474.0,213.0,0.0,1.5600000000000023,46.0,True,True,True,False,mantido
418,475.0,213.0,0.0,1.5600000000000023,45.0,True,True,True,False,mantido
419,476.0,213.0,0.0,1.5600000000000023,44.0,True,True,True,False,mantido
420,477.0,213.0,0.0,1.5600000000000023,43.0,True,True,True,False,mantido
421,478.0,213.0,0.0,1.5600000000000023,42.0,True,True,True,False,mantido
422,479.0,213.0,0.0,1.5600000000000023,41.0,True,True,True,False,mantido
423,480.0,213.0,0.0,1.5600000000000023,40.0,True,True,True,False,mantido
424,481.0,213.0,0.0,1.5600000000000023,39.0,True,True,True,False,mantido
425,482.0,213.0,0.0,1.5600000000000023,38.0,True,True,True,False,mantido
426,483.0,213.0,0.0,1.5600000000000023,37.0,True,True,True,False,mantido
427,484.0,213.0,0.0,1.5600000000000023,36.0,True,True,True,False,mantido
428,485.0,213.0,0.0,1.5600000000000023,35.0,True,True,True,False,mantido
429,486.0,213.0,0.0,1.5600000000000023,34.0,True,True,True,False,mantido
430,487.0,213.0,0.0,1.5600000000000023,33.0,True,True,True,False,mantido
431,488.0,213.0,0.0,1.5600000000000023,32.0,True,True,True,False,mantido
432,489.0,213.0,0.0,1.5600000000000023,31.0,True,True,True,False,mantido
433,490.0,213.0,0.0,1.5600000000000023,30.0,True,True,True,False,mantido
434,491.0,213.0,0.0,1.5600000000000023,29.0,True,True,True,False,mantido
435,492.0,213.0,0.0,1.5600000000000023,28.0,True,True,True,False,mantido
436,493.0,213.0,0.0,1.5600000000000023,27.0,True,True,True,False,mantido
437,494.0,213.0,0.0,1.5600000000000023,26.0,True,True,True,False,mantido
438,495.0,213.0,0.0,1.5600000000000023,25.0,True,True,True,False,mantido
439,496.0,213.0,0.0,1.5600000000000023,24.0,True,True,True,False,mantido
440,497.0,213.0,0.0,1.5600000000000023,23.0,True,True,True,False,mantido
441,498.0,213.0,0.0,1.5600000000000023,22.0,True,True,True,False,mantido
442,499.0,213.0,0.0,1.5600000000000023,21.0,True,True,True,False,mantido
443,500.0,213.0,0.0,1.5600000000000023,20.0,True,True,True,False,mantido
444,501.0,213.0,0.0,1.5600000000000023,19.0,True,True,True,False,mantido
445,502.0,213.0,0.0,1.5600000000000023,18.0,True,True,True,False,mantido
446,503.0,213.0,0.0,1.5600000000000023,17.0,True,True,True,False,mantido
447,504.0,213.0,0.0,1.5600000000000023,16.0,True,True,True,False,mantido
448,505.0,213.0,0.0,1.5600000000000023,15.0,True,True,True,False,mantido
449,506.0,213.0,0.0,1.5600000000000023,14.0,True,True,True,False,mantido
450,507.0,213.0,0.0,1.5600000000000023,13.0,True,True,True,False,mantido
451,508.0,213.0,0.0,1.5600000000000023,12.0,True,True,True,False,mantido
452,509.0,213.0,0.0,1.5600000000000023,11.0,True,True,True,False,mantido
453,510.0,213.0,0.0,1.5600000000000023,10.0,True,True,True,False,mantido
454,511.0,213.0,0.0,1.5600000000000023,9.0,True,True,True,False,mantido
455,512.0,213.0,0.0,1.5600000000000023,8.0,True,True,True,False,mantido
456,513.0,213.0,0.0,1.5600000000000023,7.0,True,True,True,False,mantido
457,514.0,213.0,0.0,1.5600000000000023,6.0,True,True,True,False,mantido
458,515.0,213.0,0.0,1.5600000000000023,5.0,True,True,True,False,mantido
459,516.0,213.0,0.0,1.5600000000000023,4.0,True,True,True,False,mantido
460,517.0,213.0,0.0,1.5600000000000023,3.0,True,True,True,False,mantido
461,518.0,213.0,0.0,1.5600000000000023,2.0,True,True,True,False,mantido
462,519.0,213.0,0.0,1.5600000000000023,1.0,True,True,True,False,mantido
463,520.0,213.0,0.0,1.5600000000000023,0.0,True,True,True,False,mantido
464,520.0,212.0,1.0,2.5600000000000023,1.0,True,True,True,False,mantido
465,520.0,211.0,2.0,3.5600000000000023,2.0,True,True,True,False,mantido
466,520.0,210.0,3.0,4.560000000000002,3.0,True,True,True,False,mantido
467,520.0,209.0,4.0,5.560000000000002,4.0,True,True,True,False,mantido
468,520.0,208.0,5.0,6.560000000000002,5.0,True,True,True,False,mantido
469,520.0,207.0,6.0,7.560000000000002,6.0,True,True,True,False,mantido
470,520.0,206.0,7.0,8.560000000000002,7.0,True,True,True,False,mantido
471,520.0,205.0,8.0,9.560000000000002,8.0,True,True,True,False,mantido
472,520.0,204.0,9.0,10.560000000000002,9.0,True,True,True,False,mantido
473,520.0,203.0,10.0,11.560000000000002,10.0,True,True,True,False,mantido
474,520.0,202.0,11.0,12.560000000000002,11.0,True,True,True,False,mantido
475,520.0,201.0,12.0,13.560000000000002,12.0,True,True,True,False,mantido
476,520.0,200.0,13.0,14.560000000000002,13.0,True,True,True,False,mantido
477,520.0,199.0,14.0,15.560000000000002,14.0,True,True,True,False,mantido
478,520.0,198.0,15.0,16.560000000000002,15.0,True,True,True,False,mantido
479,520.0,197.0,16.0,17.560000000000002,16.0,True,True,True,False,mantido
480,520.0,196.0,17.0,18.560000000000002,17.0,True,True,True,False,mantido
481,520.0,195.0,18.0,19.560000000000002,18.0,True,True,True,False,mantido
482,520.0,194.0,19.0,20.560000000000002,19.0,True,True,True,False,mantido
483,520.0,193.0,20.0,21.560000000000002,20.0,True,True,True,False,mantido
484,520.0,192.0,21.0,22.560000000000002,21.0,True,True,True,False,mantido
485,520.0,191.0,22.0,23.560000000000002,22.0,True,True,True,False,mantido
486,520.0,190.0,23.0,24.560000000000002,23.0,True,True,True,False,mantido
487,520.0,189.0,24.0,25.560000000000002,24.0,True,True,True,False,mantido
488,520.0,188.0,25.0,26.560000000000002,25.0,True,True,True,False,mantido
489,520.0,187.0,26.0,27.560000000000002,26.0,True,True,True,False,mantido
490,520.0,186.0,27.0,28.560000000000002,27.0,True,True,True,False,mantido
491,520.0,185.0,28.0,29.560000000000002,28.0,True,True,True,False,mantido
492,520.0,184.0,29.0,30.560000000000002,29.0,True,True,True,False,mantido
493,520.0,183.0,30.0,31.560000000000002,30.0,True,True,True,False,mantido
494,520.0,182.0,31.0,32.56,31.0,True,True,True,False,mantido
495,520.0,181.0,32.0,33.56,32.0,True,True,True,False,mantido
496,520.0,180.0,33.0,34.56,33.0,True,True,True,False,mantido
497,520.0,179.0,34.0,35.56,34.0,True,True,True,False,mantido
498,520.0,178.0,35.0,36.56,35.0,True,True,True,False,mantido
499,520.0,177.0,36.0,37.56,36.0,True,True,True,False,mantido
500,520.0,176.0,37.0,38.56,37.0,True,True,True,False,mantido
501,520.0,175.0,38.0,39.56,38.0,True,True,True,False,mantido
502,520.0,174.0,39.0,40.56,39.0,True,True,True,False,mantido
503,520.0,173.0,40.0,41.56,40.0,True,True,True,False,mantido
504,520.0,172.0,41.0,42.56,41.0,True,True,True,False,mantido
505,520.0,171.0,42.0,43.56,42.0,True,True,True,False,mantido
506,520.0,170.0,43.0,44.56,43.0,True,True,True,False,mantido
507,520.0,169.0,44.0,45.56,44.0,True,True,True,False,mantido
508,520.0,168.0,45.0,46.56,45.0,True,True,True,False,mantido
509,520.0,167.0,46.0,47.56,46.0,True,True,True,False,mantido
510,520.0,166.0,47.0,48.56,47.0,True,True,True,False,mantido
511,520.0,165.0,48.0,49.56,48.0,True,True,True,False,mantido
512,520.0,164.0,49.0,50.56,49.0,True,True,True,False,mantido
513,520.0,163.0,50.0,51.56,50.0,True,True,True,False,mantido
514,520.0,162.0,51.0,52.56,51.0,True,True,True,False,mantido
515,520.0,161.0,52.0,53.56,52.0,True,True,True,False,mantido
516,520.0,160.0,53.0,54.56,53.0,True,True,True,False,mantido
517,520.0,159.0,54.0,55.56,54.0,True,True,True,False,mantido
518,520.0,158.0,55.0,56.56,55.0,True,True,True,False,mantido
519,520.0,157.0,56.0,57.56,56.0,True,True,True,False,mantido
520,520.0,156.0,57.0,58.56,57.0,True,True,True,False,mantido
521,520.0,155.0,58.0,59.56,58.0,True,True,True,False,mantido
522,520.0,154.0,59.0,60.56,59.0,True,True,True,False,mantido
523,520.0,153.0,60.0,61.56,60.0,True,True,True,False,mantido
524,520.0,152.0,61.0,62.56,61.0,True,True,True,False,mantido
525,520.0,151.0,62.0,63.56,62.0,True,True,True,False,mantido
526,520.0,150.0,63.0,64.56,63.0,True,True,True,False,mantido
527,520.0,149.0,64.0,65.56,64.0,True,True,True,False,mantido
528,520.0,148.0,65.0,66.56,65.0,True,True,True,False,mantido
529,520.0,147.0,66.0,67.56,66.0,True,True,True,False,mantido
530,520.0,146.0,67.0,68.56,67.0,True,True,True,False,mantido
531,520.0,145.0,68.0,69.56,68.0,True,True,True,False,mantido
532,520.0,144.0,69.0,70.56,69.0,True,True,True,False,mantido
533,520.0,143.0,70.0,71.56,70.0,True,True,True,False,mantido
534,520.0,142.0,71.0,72.56,71.0,True,True,True,False,mantido
535,520.0,141.0,72.0,73.56,72.0,True,True,True,False,mantido
536,520.0,140.0,73.0,74.56,73.0,True,True,True,False,mantido
537,520.0,139.0,74.0,75.56,74.0,True,True,True,False,mantido
538,520.0,138.0,75.0,76.56,75.0,True,True,True,False,mantido
539,520.0,137.0,76.0,77.56,76.0,True,True,True,False,mantido
540,520.0,136.0,77.0,78.56,77.0,True,True,True,False,mantido
541,520.0,135.0,78.0,79.56,78.0,True,True,True,False,mantido
542,520.0,134.0,79.0,80.56,79.0,True,True,True,False,mantido
543,520.0,133.0,80.0,81.56,80.0,True,True,True,False,mantido
544,520.0,132.0,81.0,82.56,81.0,True,True,True,False,mantido
545,520.0,131.0,82.0,83.56,82.0,True,True,True,False,mantido
546,520.0,130.0,83.0,84.56,83.0,True,True,True,False,mantido
547,520.0,129.0,84.0,85.56,84.0,True,False,False,True,acima_janela_permitida
548,519.0,129.0,84.0,85.56,84.00595217006948,True,False,False,True,acima_janela_permitida
549,518.0,129.0,84.0,85.56,84.02380615040002,True,False,False,True,acima_janela_permitida
550,517.0,129.0,84.0,85.56,84.0535543567314,True,False,False,True,acima_janela_permitida
551,516.0,129.0,84.0,85.56,84.09518416651456,True,False,False,True,acima_janela_permitida
552,515.0,129.0,84.0,85.56,84.1486779456457,True,False,False,True,acima_janela_permitida
553,514.0,129.0,84.0,85.56,84.2140130857092,True,False,False,True,acima_janela_permitida
554,513.0,129.0,84.0,85.56,84.29116205154607,True,False,False,True,acima_janela_permitida
555,512.0,129.0,84.0,85.56,84.38009243891595,True,False,False,True,acima_janela_permitida
556,511.0,129.0,84.0,85.56,84.48076704197234,True,False,False,True,acima_janela_permitida
557,510.0,129.0,84.0,85.56,84.5931439302264,True,False,False,True,acima_janela_permitida
558,509.0,129.0,84.0,85.56,84.71717653463199,True,False,False,True,acima_janela_permitida
559,508.0,129.0,84.0,85.56,84.8528137423857,True,False,False,True,acima_janela_permitida
560,507.0,129.0,84.0,85.56,85.0,True,False,False,True,acima_janela_permitida
561,506.0,129.0,84.0,85.56,85.15867542417507,True,False,False,True,acima_janela_permitida
562,505.0,129.0,84.0,85.56,85.32877591996736,True,False,False,True,acima_janela_permitida
563,504.0,129.0,84.0,85.56,85.5102333057278,True,False,False,True,acima_janela_permitida
564,503.0,129.0,84.0,85.56,85.70297544426332,True,False,False,True,acima_janela_permitida
565,502.0,129.0,84.0,85.56,85.90692637965812,True,False,False,True,acima_janela_permitida
566,501.0,129.0,84.0,85.56,86.12200647918046,True,False,False,True,acima_janela_permitida
567,500.0,129.0,84.0,85.56,86.34813257969161,True,False,False,True,acima_janela_permitida
568,499.0,129.0,84.0,85.56,86.58521813797087,True,False,False,True,acima_janela_permitida
569,498.0,129.0,84.0,85.56,86.83317338436964,True,False,False,True,acima_janela_permitida
570,497.0,129.0,84.0,85.56,87.09190547921202,True,False,False,True,acima_janela_permitida
571,496.0,129.0,84.0,85.56,87.36131867136622,True,False,False,True,acima_janela_permitida
572,495.0,129.0,84.0,85.56,87.64131445842195,True,False,False,True,acima_janela_permitida
573,494.0,129.0,84.0,85.56,87.93179174792243,True,False,False,True,acima_janela_permitida
574,493.0,129.0,84.0,85.56,88.23264701911646,True,False,False,True,acima_janela_permitida
575,492.0,129.0,84.0,85.56,88.54377448471462,True,False,False,True,acima_janela_permitida
576,491.0,129.0,84.0,85.56,88.86506625215557,True,False,False,True,acima_janela_permitida
577,490.0,129.0,84.0,85.56,89.19641248391103,True,False,False,True,acima_janela_permitida
578,489.0,129.0,84.0,85.56,89.5377015563835,True,False,False,True,acima_janela_permitida
579,488.0,129.0,84.0,85.56,89.88882021697692,True,False,False,True,acima_janela_permitida
580,487.0,129.0,84.0,85.56,90.24965373894794,True,False,False,True,acima_janela_permitida
581,486.0,129.0,84.0,85.56,90.62008607367353,True,False,False,True,acima_janela_permitida
582,485.0,129.0,84.0,85.56,91.0,True,False,False,True,acima_janela_permitida
583,484.0,129.0,84.0,85.56,91.3892772703669,True,False,False,True,acima_janela_permitida
584,483.0,129.0,84.0,85.56,91.7877987534291,True,False,False,True,acima_janela_permitida
585,482.0,129.0,84.0,85.56,92.19544457292888,True,False,False,True,acima_janela_permitida
586,481.0,129.0,84.0,85.56,92.61209424259879,True,False,False,True,acima_janela_permitida
587,480.0,129.0,84.0,85.56,93.03762679690406,True,False,False,True,acima_janela_permitida
588,479.0,129.0,84.0,85.56,93.47192091746055,True,False,False,True,acima_janela_permitida
589,478.0,129.0,84.0,85.56,93.91485505499116,True,False,False,True,acima_janela_permitida
590,477.0,129.0,84.0,85.56,94.36630754670864,True,False,False,True,acima_janela_permitida
591,476.0,129.0,84.0,85.56,94.82615672903758,True,False,False,True,acima_janela_permitida
592,475.0,129.0,84.0,85.56,95.29428104561154,True,False,False,True,acima_janela_permitida
593,474.0,129.0,84.0,85.56,95.77055915050303,True,False,False,True,acima_janela_permitida
594,473.0,129.0,84.0,85.56,96.25487000666512,True,False,False,True,acima_janela_permitida
595,472.0,129.0,84.0,85.56,96.74709297958259,True,False,False,True,acima_janela_permitida
596,471.0,129.0,84.0,85.56,97.24710792614863,True,False,False,True,acima_janela_permitida
597,470.0,129.0,84.0,85.56,97.75479527879949,True,False,False,True,acima_janela_permitida
598,469.0,129.0,84.0,85.56,98.2700361249552,True,False,False,True,acima_janela_permitida
599,468.0,129.0,84.0,85.56,98.79271228182775,True,False,False,True,acima_janela_permitida
600,467.0,129.0,84.0,85.56,99.32270636667126,True,False,False,True,acima_janela_permitida
601,466.0,129.0,84.0,85.56,99.85990186255943,True,False,False,True,acima_janela_permitida
602,465.0,129.0,84.0,85.56,100.40418317978589,True,False,False,True,acima_janela_permitida
603,464.0,129.0,84.0,85.56,100.9554357129917,True,False,False,True,acima_janela_permitida
604,463.0,129.0,84.0,85.56,101.51354589413178,True,False,False,True,acima_janela_permitida
605,462.0,129.0,84.0,85.56,102.07840124139877,True,False,False,True,acima_janela_permitida
606,461.0,129.0,84.0,85.56,102.6498904042279,True,False,False,True,acima_janela_permitida
607,460.0,129.0,84.0,85.56,103.22790320451152,True,False,False,True,acima_janela_permitida
608,459.0,129.0,84.0,85.56,103.81233067415451,True,False,False,True,acima_janela_permitida
609,458.0,129.0,84.0,85.56,104.4030650891055,True,False,False,True,acima_janela_permitida
610,457.0,129.0,84.0,85.56,105.0,True,False,False,True,acima_janela_permitida
611,456.0,129.0,84.0,85.56,105.60303025955268,True,False,False,True,acima_janela_permitida
612,455.0,129.0,84.0,85.56,106.21205204683694,True,False,False,True,acima_janela_permitida
613,454.0,129.0,84.0,85.56,106.82696288858914,True,False,False,True,acima_janela_permitida
614,453.0,129.0,84.0,85.56,107.44766167767449,True,False,False,True,acima_janela_permitida
615,452.0,129.0,84.0,85.56,108.07404868885037,True,False,False,True,acima_janela_permitida
616,451.0,129.0,84.0,85.56,108.70602559196064,True,False,False,True,acima_janela_permitida
617,450.0,129.0,84.0,85.56,109.34349546269316,True,False,False,True,acima_janela_permitida
618,449.0,129.0,84.0,85.56,109.98636279102969,True,False,False,True,acima_janela_permitida
619,448.0,129.0,84.0,85.56,110.63453348751464,True,False,False,True,acima_janela_permitida
620,447.0,129.0,84.0,85.56,111.28791488746656,True,False,False,True,acima_janela_permitida
621,446.0,129.0,84.0,85.56,111.94641575325224,True,False,False,True,acima_janela_permitida
622,445.0,129.0,84.0,85.56,112.60994627474076,True,False,False,True,acima_janela_permitida
623,444.0,129.0,84.0,85.56,113.27841806805037,True,False,False,True,acima_janela_permitida
624,443.0,129.0,84.0,85.56,113.95174417269794,True,False,False,True,acima_janela_permitida
625,442.0,129.0,84.0,85.56,114.6298390472568,True,False,False,True,acima_janela_permitida
626,441.0,129.0,84.0,85.56,115.31261856362468,True,False,False,True,acima_janela_permitida
627,440.0,129.0,84.0,85.56,116.0,True,False,False,True,acima_janela_permitida
628,439.0,129.0,84.0,85.56,116.69190203266035,True,False,False,True,acima_janela_permitida
629,438.0,129.0,84.0,85.56,117.38824472663352,True,False,False,True,acima_janela_permitida
630,437.0,129.0,84.0,85.56,118.0889495253472,True,False,False,True,acima_janela_permitida
631,436.0,129.0,84.0,85.56,118.79393923933998,True,False,False,True,acima_janela_permitida
632,435.0,129.0,84.0,85.56,119.50313803411188,True,False,False,True,acima_janela_permitida
633,434.0,129.0,84.0,85.56,120.21647141718975,True,False,False,True,acima_janela_permitida
634,433.0,129.0,84.0,85.56,120.93386622447825,True,False,False,True,acima_janela_permitida
635,432.0,129.0,84.0,85.56,121.6552506059644,True,False,False,True,acima_janela_permitida
636,431.0,129.0,84.0,85.56,122.38055401083949,True,False,False,True,acima_janela_permitida
637,430.0,129.0,84.0,85.56,123.10970717209915,True,False,False,True,acima_janela_permitida
638,429.0,129.0,84.0,85.56,123.84264209067892,True,False,False,True,acima_janela_permitida
639,428.0,128.0,85.0,86.56,125.25573839150046,True,False,False,True,acima_janela_permitida
640,427.0,128.0,85.0,86.56,125.99206324209474,True,False,False,True,acima_janela_permitida
641,426.0,127.0,86.0,87.56,127.40486646906389,True,False,False,True,acima_janela_permitida
642,425.0,126.0,87.0,88.56,128.81770064707723,True,False,False,True,acima_janela_permitida
643,424.0,125.0,88.0,89.56,130.23056476879765,True,False,False,True,acima_janela_permitida
644,423.0,124.0,89.0,90.56,131.64345787011217,True,False,False,True,acima_janela_permitida
645,422.0,123.0,90.0,91.56,133.05637902783917,True,False,False,True,acima_janela_permitida
646,421.0,122.0,91.0,92.56,134.46932735757994,True,False,False,True,acima_janela_permitida
647,421.0,121.0,92.0,93.56,135.14806694880988,True,False,False,True,acima_janela_permitida
648,420.0,120.0,93.0,94.56,136.56134152826706,True,False,False,True,acima_janela_permitida
649,419.0,119.0,94.0,95.56,137.97463535012514,True,False,False,True,acima_janela_permitida
650,418.0,118.0,95.0,96.56,139.38794782907166,True,False,False,True,acima_janela_permitida
651,417.0,117.0,96.0,97.56,140.80127840328723,True,False,False,True,acima_janela_permitida
652,416.0,116.0,97.0,98.56,142.21462653327893,True,False,False,True,acima_janela_permitida
653,415.0,115.0,98.0,99.56,143.62799170078233,True,False,False,True,acima_janela_permitida
654,414.0,114.0,99.0,100.56,145.04137340772803,True,False,False,True,acima_janela_permitida
655,413.0,113.0,100.0,101.56,146.4547711752676,True,False,False,True,acima_janela_permitida
656,412.0,112.0,101.0,102.56,147.8681845428556,True,False,False,True,acima_janela_permitida
657,411.0,111.0,102.0,103.56,149.2816130673835,True,False,False,True,acima_janela_permitida
658,410.0,110.0,103.0,104.56,150.6950563223625,True,False,False,True,acima_janela_permitida
659,409.0,109.0,104.0,105.56,152.10851389715174,True,False,False,True,acima_janela_permitida
660,408.0,108.0,105.0,106.56,153.52198539622916,True,False,False,True,acima_janela_permitida
661,407.0,107.0,106.0,107.56,154.93547043850222,True,False,False,True,acima_janela_permitida
662,406.0,107.0,106.0,107.56,155.66630977832037,True,False,False,True,acima_janela_permitida
663,405.0,106.0,107.0,108.56,157.07959765672945,True,False,False,True,acima_janela_permitida
664,404.0,105.0,108.0,109.56,158.4929020492716,True,False,False,True,acima_janela_permitida
665,403.0,104.0,109.0,110.56,159.90622251807463,True,False,False,True,acima_janela_permitida
666,402.0,103.0,110.0,111.56,161.31955864060626,True,False,False,True,acima_janela_permitida
667,401.0,102.0,111.0,112.56,162.73291000900832,True,False,False,True,acima_janela_permitida
668,400.0,101.0,112.0,113.56,164.14627622946554,True,False,False,True,acima_janela_permitida
669,399.0,101.0,112.0,113.56,164.87874332369228,True,False,False,True,acima_janela_permitida
670,398.0,100.0,113.0,114.56,166.29191201017565,True,False,False,True,acima_janela_permitida
671,397.0,99.0,114.0,115.56,167.70509831248424,True,False,False,True,acima_janela_permitida
672,396.0,99.0,114.0,115.56,168.43990026119107,True,False,False,True,acima_janela_permitida
673,395.0,98.0,115.0,116.56,169.85287751463028,True,False,False,True,acima_janela_permitida
674,394.0,97.0,116.0,117.56,171.26587517658035,True,False,False,True,acima_janela_permitida
675,393.0,96.0,117.0,118.56,172.67889274604468,True,False,False,True,acima_janela_permitida
676,392.0,96.0,117.0,118.56,173.4156855650607,True,False,False,True,acima_janela_permitida
677,391.0,95.0,118.0,119.56,174.82848738120455,True,False,False,True,acima_janela_permitida
678,390.0,94.0,119.0,120.56,176.24131184259835,True,False,False,True,acima_janela_permitida
679,389.0,93.0,120.0,121.56,177.65415840897168,True,False,False,True,acima_janela_permitida
680,388.0,93.0,120.0,121.56,178.39282496782207,True,False,False,True,acima_janela_permitida
681,387.0,92.0,121.0,122.56,179.8054504179448,True,False,False,True,acima_janela_permitida
682,386.0,91.0,122.0,123.56,181.2181006411887,True,False,False,True,acima_janela_permitida
683,385.0,91.0,122.0,123.56,181.95878654244757,True,False,False,True,acima_janela_permitida
684,384.0,90.0,123.0,124.56,183.3712082089225,True,False,False,True,acima_janela_permitida
685,383.0,89.0,124.0,125.56,184.78365728602733,True,False,False,True,acima_janela_permitida
686,382.0,89.0,124.0,125.56,185.52627846210896,True,False,False,True,acima_janela_permitida
687,381.0,88.0,125.0,126.56,186.93849255838134,True,False,False,True,acima_janela_permitida
688,380.0,88.0,125.0,126.56,187.6832437912346,True,False,False,True,acima_janela_permitida
689,379.0,87.0,126.0,127.56,189.0952141118331,True,False,False,True,acima_janela_permitida
690,378.0,86.0,127.0,128.56,190.50721771103582,True,False,False,True,acima_janela_permitida
691,377.0,86.0,127.0,128.56,191.25375813301028,True,False,False,True,acima_janela_permitida
692,376.0,85.0,128.0,129.56,192.66551326067673,True,False,False,True,acima_janela_permitida
693,375.0,84.0,129.0,130.56,194.07730418572905,True,False,False,True,acima_janela_permitida
694,374.0,84.0,129.0,130.56,194.82556300444764,True,False,False,True,acima_janela_permitida
695,373.0,83.0,130.0,131.56,196.23710148695125,True,False,False,True,acima_janela_permitida
696,372.0,83.0,130.0,131.56,196.98730923589977,True,False,False,True,acima_janela_permitida
697,371.0,82.0,131.0,132.56,198.39858870465787,True,False,False,True,acima_janela_permitida
698,370.0,81.0,132.0,133.56,199.80990966416056,True,False,False,True,acima_janela_permitida
699,369.0,81.0,132.0,133.56,200.5617112013158,True,False,False,True,acima_janela_permitida
700,368.0,80.0,133.0,134.56,201.97277044195835,True,False,False,True,acima_janela_permitida
701,367.0,80.0,133.0,134.56,202.72641663088706,True,False,False,True,acima_janela_permitida
702,366.0,79.0,134.0,135.56,204.13720875920686,True,False,False,True,acima_janela_permitida
703,365.0,79.0,134.0,135.56,204.89265482198232,True,False,False,True,acima_janela_permitida
704,364.0,78.0,135.0,136.56,206.30317496345035,True,False,False,True,acima_janela_permitida
705,363.0,78.0,135.0,136.56,207.06037766796427,True,False,False,True,acima_janela_permitida
706,362.0,77.0,136.0,137.56,208.47062143141417,True,False,False,True,acima_janela_permitida
707,361.0,77.0,136.0,137.56,209.2295390235327,True,False,False,True,acima_janela_permitida
708,360.0,76.0,137.0,138.56,210.63950246807934,True,False,False,True,acima_janela_permitida
709,359.0,76.0,137.0,138.56,211.4000946073582,True,False,False,True,acima_janela_permitida
710,358.0,75.0,138.0,139.56,212.8097742116184,True,False,False,True,acima_janela_permitida
711,357.0,75.0,138.0,139.56,213.5720019103628,True,False,False,True,acima_janela_permitida
712,356.0,75.0,138.0,139.56,214.3361845326169,True,False,False,True,acima_janela_permitida
713,355.0,74.0,139.0,140.56,215.74522010927612,True,False,False,True,acima_janela_permitida
714,354.0,74.0,139.0,140.56,216.510969698997,True,False,False,True,acima_janela_permitida
715,353.0,73.0,140.0,141.56,217.91970998512272,True,False,False,True,acima_janela_permitida
716,352.0,73.0,140.0,141.56,218.6869909253863,True,False,False,True,acima_janela_permitida
717,351.0,72.0,141.0,142.56,220.0954338463204,True,False,False,True,acima_janela_permitida
718,350.0,72.0,141.0,142.56,220.86421167767313,True,False,False,True,acima_janela_permitida
719,349.0,71.0,142.0,143.56,222.27235545609355,True,False,False,True,acima_janela_permitida
720,348.0,71.0,142.0,143.56,223.0425968284982,True,False,False,True,acima_janela_permitida
721,347.0,71.0,142.0,143.56,223.8146554629522,True,False,False,True,acima_janela_permitida
722,346.0,70.0,143.0,144.56,225.22211259110415,True,False,False,True,acima_janela_permitida
723,345.0,70.0,143.0,144.56,225.99557517792246,True,False,False,True,acima_janela_permitida
724,344.0,70.0,143.0,144.56,226.77080940897133,True,False,False,True,acima_janela_permitida
725,343.0,69.0,144.0,145.56,228.17756243767704,True,False,False,True,acima_janela_permitida
726,342.0,69.0,144.0,145.56,228.95414388038492,True,False,False,True,acima_janela_permitida
727,341.0,68.0,145.0,146.56,230.36058690670154,True,False,False,True,acima_janela_permitida
728,340.0,68.0,145.0,146.56,231.1384866265244,True,False,False,True,acima_janela_permitida
729,339.0,68.0,145.0,146.56,231.91808898833224,True,False,False,True,acima_janela_permitida
730,338.0,67.0,146.0,147.56,233.32380932943812,True,False,False,True,acima_janela_permitida
731,337.0,67.0,146.0,147.56,234.10467744152402,True,False,False,True,acima_janela_permitida
732,336.0,67.0,146.0,147.56,234.88720697390056,True,False,False,True,acima_janela_permitida
733,335.0,66.0,147.0,148.56,236.29219199965115,True,False,False,True,acima_janela_permitida
734,334.0,66.0,147.0,148.56,237.0759372015642,True,False,False,True,acima_janela_permitida
735,333.0,66.0,147.0,148.56,237.86130412490385,True,False,False,True,acima_janela_permitida
736,332.0,65.0,148.0,149.56,239.2655428598109,True,False,False,True,acima_janela_permitida
737,331.0,65.0,148.0,149.56,240.05207768315609,True,False,False,True,acima_janela_permitida
738,330.0,65.0,148.0,149.56,240.84019598065436,True,False,False,True,acima_janela_permitida
739,329.0,65.0,148.0,149.56,241.6298822579691,True,False,False,True,acima_janela_permitida
740,328.0,64.0,149.0,150.56,243.03291958086666,True,False,False,True,acima_janela_permitida
741,327.0,64.0,149.0,150.56,243.82370680473218,True,False,False,True,acima_janela_permitida
742,326.0,64.0,149.0,150.56,244.6160256401857,True,False,False,True,acima_janela_permitida
743,325.0,63.0,150.0,151.56,246.01829200285087,True,False,False,True,acima_janela_permitida
744,324.0,63.0,150.0,151.56,246.81166909204273,True,False,False,True,acima_janela_permitida
745,323.0,63.0,150.0,151.56,247.6065427245411,True,False,False,True,acima_janela_permitida
746,322.0,63.0,150.0,151.56,248.4028985338134,True,False,False,True,acima_janela_permitida
747,321.0,62.0,151.0,152.56,249.8039231077046,True,False,False,True,acima_janela_permitida
748,320.0,62.0,151.0,152.56,250.60127693210185,True,False,False,True,acima_janela_permitida
749,319.0,62.0,151.0,152.56,251.40007955448223,True,False,False,True,acima_janela_permitida
750,318.0,62.0,151.0,152.56,252.20031720836514,True,False,False,True,acima_janela_permitida
751,317.0,61.0,152.0,153.56,253.60007886434104,True,False,False,True,acima_janela_permitida
752,316.0,61.0,152.0,153.56,254.40125785852553,True,False,False,True,acima_janela_permitida
753,315.0,61.0,152.0,153.56,255.2038400965001,True,False,False,True,acima_janela_permitida
754,314.0,61.0,152.0,153.56,256.00781238079435,True,False,False,True,acima_janela_permitida
755,313.0,61.0,152.0,153.56,256.8131616564852,True,False,False,True,acima_janela_permitida
756,312.0,60.0,153.0,154.56,258.2111539031573,True,False,False,True,acima_janela_permitida
757,311.0,60.0,153.0,154.56,259.01737393464555,True,False,False,True,acima_janela_permitida
758,310.0,60.0,153.0,154.56,259.8249410660955,True,False,False,True,acima_janela_permitida
759,309.0,60.0,153.0,154.56,260.6338427756457,True,False,False,True,acima_janela_permitida
760,308.0,60.0,153.0,154.56,261.444066675838,True,False,False,True,acima_janela_permitida
761,307.0,59.0,154.0,155.56,262.8402556687236,True,False,False,True,acima_janela_permitida
762,306.0,59.0,154.0,155.56,263.6512848442048,True,False,False,True,acima_janela_permitida
763,305.0,59.0,154.0,155.56,264.46360808247323,True,False,False,True,acima_janela_permitida
764,304.0,59.0,154.0,155.56,265.2772134956186,True,False,False,True,acima_janela_permitida
765,303.0,59.0,154.0,155.56,266.092089322475,True,False,False,True,acima_janela_permitida
766,302.0,59.0,154.0,155.56,266.9082239272518,True,False,False,True,acima_janela_permitida
767,301.0,59.0,154.0,155.56,267.72560579817537,True,False,False,True,acima_janela_permitida
768,300.0,58.0,155.0,156.56,269.1189328159578,True,False,False,True,acima_janela_permitida
769,299.0,58.0,155.0,156.56,269.937029693964,True,False,False,True,acima_janela_permitida
770,298.0,58.0,155.0,156.56,270.75634803269156,True,False,False,True,acima_janela_permitida
771,297.0,58.0,155.0,156.56,271.57687677709237,True,False,False,True,acima_janela_permitida
772,296.0,58.0,155.0,156.56,272.3986049890858,True,False,False,True,acima_janela_permitida
773,295.0,58.0,155.0,156.56,273.22152184628504,True,False,False,True,acima_janela_permitida
774,294.0,58.0,155.0,156.56,274.0456166407337,True,False,False,True,acima_janela_permitida
775,293.0,58.0,155.0,156.56,274.8708787776544,True,False,False,True,acima_janela_permitida
776,292.0,58.0,155.0,156.56,275.6972977742074,True,False,False,True,acima_janela_permitida
777,291.0,57.0,156.0,157.56,277.08662905308154,True,False,False,True,acima_janela_permitida
778,290.0,57.0,156.0,157.56,277.91365565585295,True,False,False,True,acima_janela_permitida
779,289.0,57.0,156.0,157.56,278.7418160233588,True,False,False,True,acima_janela_permitida
780,288.0,57.0,156.0,157.56,279.5711000801048,True,False,False,True,acima_janela_permitida
781,287.0,57.0,156.0,157.56,280.40149785619906,True,False,False,True,acima_janela_permitida
782,286.0,57.0,156.0,157.56,281.23299948619115,True,False,False,True,acima_janela_permitida
783,285.0,57.0,156.0,157.56,282.0655952079232,True,False,False,True,acima_janela_permitida
784,284.0,57.0,156.0,157.56,282.8992753613908,True,False,False,True,acima_janela_permitida
785,283.0,57.0,156.0,157.56,283.73403038761495,True,False,False,True,acima_janela_permitida
786,282.0,57.0,156.0,157.56,284.5698508275253,True,False,False,True,acima_janela_permitida
787,281.0,57.0,156.0,157.56,285.40672732085346,True,False,False,True,acima_janela_permitida
788,280.0,57.0,156.0,157.56,286.2446506050375,True,False,False,True,acima_janela_permitida
789,279.0,57.0,156.0,157.56,287.0836115141371,True,False,False,True,acima_janela_permitida
790,278.0,57.0,156.0,157.56,287.92360097775935,True,False,False,True,acima_janela_permitida
791,277.0,57.0,156.0,157.56,288.76461001999536,True,False,False,True,acima_janela_permitida
792,276.0,57.0,156.0,157.56,289.60662975836726,True,False,False,True,acima_janela_permitida
793,275.0,57.0,156.0,157.56,290.4496514027862,True,False,False,True,acima_janela_permitida
794,274.0,57.0,156.0,157.56,291.29366625452053,True,False,False,True,acima_janela_permitida
795,273.0,57.0,156.0,157.56,292.138665705175,True,False,False,True,acima_janela_permitida
796,272.0,57.0,156.0,157.56,292.9846412356798,True,False,False,True,acima_janela_permitida
797,271.0,57.0,156.0,157.56,293.83158441529054,True,False,False,True,acima_janela_permitida
798,270.0,57.0,156.0,157.56,294.6794869005985,True,False,False,True,acima_janela_permitida
799,269.0,57.0,156.0,157.56,295.52834043455124,True,False,False,True,acima_janela_permitida
800,268.0,57.0,156.0,157.56,296.37813684548325,True,False,False,True,acima_janela_permitida
801,267.0,57.0,156.0,157.56,297.22886804615734,True,False,False,True,acima_janela_permitida
802,266.0,57.0,156.0,157.56,298.0805260328155,True,False,False,True,acima_janela_permitida
803,265.0,57.0,156.0,157.56,298.93310288424067,True,False,False,True,acima_janela_permitida
804,264.0,57.0,156.0,157.56,299.7865907608277,True,False,False,True,acima_janela_permitida
805,263.0,57.0,156.0,157.56,300.6409819036653,False,False,False,True,acima_janela_permitida;lado_errado
806,262.0,57.0,156.0,157.56,301.4962686336267,False,False,False,True,acima_janela_permitida;lado_errado
807,261.0,57.0,156.0,157.56,302.3524433504714,False,False,False,True,acima_janela_permitida;lado_errado
808,260.0,57.0,156.0,157.56,303.2094985319556,False,False,False,True,acima_janela_permitida;lado_errado
809,259.0,57.0,156.0,157.56,304.06742673295344,False,False,False,True,acima_janela_permitida;lado_errado
810,258.0,57.0,156.0,157.56,304.92622058458664,False,False,False,True,acima_janela_permitida;lado_errado
811,257.0,57.0,156.0,157.56,305.785872793365,False,False,False,True,acima_janela_permitida;lado_errado
812,256.0,57.0,156.0,157.56,306.6463761403353,False,False,False,True,acima_janela_permitida;lado_errado
813,255.0,57.0,156.0,157.56,307.50772348024043,False,False,False,True,acima_janela_permitida;lado_errado
